flood,severity,location lat,location long,source,rainfall mm,river level m,wind speed kmh,temperature c,humidity percent,soil moisture percent,urban area,drainage index,available ambulance,available rescue teams,available medical kits,nearest hospital distance km,evacuation centres open
Yes,Moderate,13.209325,88.682705,Satellite,176.51,3.71,63.45,19.86,94.71,36.2,1,0.459,0,8,116,15.11,9
Yes,Moderate,24.156485,93.384938,Local Authority,180.89,4.78,133.5,36.07,45.79,13.35,0,0.024,19,0,163,31.68,9
No,Moderate,21.695006,90.233553,NGO Report,230.01,12.44,42.01,12.83,87.61,27.63,1,0.285,12,13,179,37.69,7
No,Low,16.327857,75.543548,IMD,112.3,10.94,50.34,28.68,41.54,48.96,1,0.605,16,9,67,26.29,5
No,Low,11.832304,69.052914,IMD,108.45,6.44,33.94,41.29,81.52,13.38,1,0.914,13,2,113,37.41,2
Yes,High,15.872887,86.214118,Satellite,338.95,7.26,5.73,14.89,55.87,32.05,0,0.256,0,15,72,30.98,3
No,Extreme,32.438819,90.218672,NGO Report,163.79,2.25,4.28,13.18,42.19,27.45,0,0.092,3,14,116,39.54,1
Yes,Severe,32.615987,88.824074,Satellite,449.41,14.05,51.05,37.83,76.87,49.43,0,0.114,19,8,31,9.83,8
No,Moderate,23.812574,95.289814,Satellite,470.02,13.72,120.73,24.6,93.49,84.38,0,0.016,20,9,153,42.58,7
Yes,Severe,35.766326,68.297348,NGO Report,85.26,2.63,92.42,33.11,40.97,74.19,0,0.1,9,8,80,33.74,7
Yes,Extreme,33.64282,82.969837,Satellite,307.6,4.93,55.44,41.45,52.06,56.07,0,0.459,12,2,157,20.22,4
No,Severe,11.093431,76.89888,Local Authority,269.3,10.1,120.43,14.77,92.38,25.73,0,0.537,14,2,97,37.36,6
No,Low,16.683351,85.120387,Satellite,357.55,10.79,132.1,31.71,76.69,43.65,0,0.913,9,5,57,44.44,9
Yes,Severe,28.180671,83.365338,Local Authority,317.05,3.41,79.57,15.94,39,89.17,0,0.68,0,6,127,46.64,1
No,Low,31.613432,84.990374,Local Authority,70.11,8.03,102.11,38.16,62.16,24.97,0,0.031,10,6,167,19.92,4
No,Moderate,12.631463,75.797903,Satellite,247.08,8.72,85.95,32.99,29.93,23.85,1,0.395,7,3,191,16.55,0
No,High,24.891513,74.287377,NGO Report,12.33,8.81,1.16,21.79,74.82,42.29,0,0.458,4,12,81,22.72,8
Yes,Severe,9.612968,95.41436,Satellite,136.01,10.08,10.34,16.56,40.02,81.22,1,0.676,17,6,145,38.29,4
Yes,Low,21.73384,90.502231,Satellite,67.87,14.1,122.35,15.12,45.07,73.48,1,0.078,10,4,180,22.76,1
No,High,16.560498,73.068354,IMD,172.23,14.66,72.66,19,25.11,76.34,0,0.169,7,14,1,48.13,8
No,Moderate,27.785312,73.038697,Local Authority,34.1,11.53,114.96,22.42,83.66,13.49,1,0.041,15,11,126,5.89,5
Yes,High,36.721007,86.963079,Satellite,489.2,4.22,70.23,31.54,34.89,56.44,0,0.317,5,15,81,30.89,8
Yes,Extreme,16.230578,78.674597,Satellite,3.72,5.77,47.47,12.04,78.21,18.83,1,0.792,19,8,40,30.92,7
No,Severe,24.361384,75.09256,Citizen Report,436.05,3.74,45.73,12.11,36.69,53.71,0,0.513,17,4,83,43.16,4
No,Moderate,11.078939,87.361124,Citizen Report,255.15,3.12,74.95,32.3,64.86,50.72,1,0.863,2,8,193,40.06,4
No,High,22.162371,72.097513,Local Authority,53.9,12.39,123.62,32.82,44.87,58.1,1,0.296,17,2,49,22.58,4
Yes,Low,20.122832,84.758537,IMD,327.62,10.96,122.53,28.55,85.55,87.67,1,0.254,19,15,157,5.71,3
No,Severe,8.078101,79.506957,Satellite,106.42,11.38,43.95,19.84,96.21,11.44,0,0.979,9,8,45,14.53,2
No,Low,33.927993,85.409733,Citizen Report,438.53,8.4,60.03,34.39,47.56,18.71,1,0.998,12,0,140,4.49,7
No,Severe,24.661004,72.372968,Citizen Report,328.61,5.37,3.69,18.87,58.14,13.52,0,0.232,0,7,67,23.94,8
No,Low,14.807851,80.194428,Citizen Report,217.65,10.64,132.64,20.27,43.6,99.96,1,0.216,5,4,105,32.09,8
Yes,Low,22.674172,71.006444,Citizen Report,287.29,3.05,62.86,38.83,42.71,15.91,1,0.134,7,4,26,31.16,7
Yes,Extreme,20.581738,96.069415,NGO Report,477.37,12.61,89.62,25.67,73.09,60.68,0,0.135,7,2,28,16.4,10
Yes,Extreme,28.078558,84.766134,Satellite,465.07,3.8,98.98,17.3,92.77,37.9,0,0.354,3,10,66,22.79,2
No,High,22.176357,74.856537,Citizen Report,71.73,5.75,134.98,16.24,60.11,32.63,0,0.779,14,1,147,11.57,6
No,High,18.674515,90.329274,Local Authority,84.7,1.2,46.99,25.3,72.5,38.5,0,0.791,19,6,63,15.92,7
No,Moderate,26.536802,69.604334,Satellite,410.04,9.27,19.94,17.09,93.77,13.78,1,0.352,10,8,178,32.08,1
No,Extreme,13.997591,73.616581,Local Authority,185.02,6.19,122.23,19.56,90.29,53.33,1,0.974,6,6,145,12.2,3
No,Moderate,22.225476,92.511784,Satellite,128.65,14.76,16.22,26.08,55.76,67.1,1,0.035,20,11,157,26.59,5
Yes,Extreme,11.518596,81.089155,Citizen Report,104.79,0.16,1.85,43.9,33.26,64.74,0,0.549,6,2,79,15.4,5
Yes,Low,10.80475,96.838537,IMD,30.91,14.46,122.46,22.11,49.96,50.88,1,0.071,0,4,105,27.9,4
No,Moderate,22.305922,78.944264,IMD,395.21,4.36,112.92,10.39,31.08,44.71,1,0.695,10,1,7,15.82,6
Yes,Moderate,24.72825,77.627914,Satellite,118.92,12.41,15.02,28.02,92.17,39.02,0,0.927,9,10,58,39.47,2
No,High,28.792151,85.493368,Local Authority,421.74,1.15,111.6,16.05,20.5,23.35,1,0.915,10,8,86,35.11,3
Yes,Low,17.423371,91.182312,Local Authority,135.24,11.36,16.2,27.32,41.99,44.74,0,0.649,14,6,146,28.39,3
No,Low,33.203104,78.854008,NGO Report,230.38,3.05,83.79,18.06,24.38,13.78,1,0.811,15,13,48,8.94,4
No,Low,24.917251,82.567452,Citizen Report,373.07,5.31,27.59,31.36,23.28,72.59,0,0.892,11,13,118,19.07,9
No,Moderate,15.645219,91.8528,Local Authority,377.87,7.4,123.08,40.63,99.84,59.58,1,0.718,1,10,194,11.32,0
No,Moderate,22.721914,90.752916,Satellite,168.38,12.49,74.95,30.08,53.79,75.98,1,0.046,1,9,194,11.7,9
No,Moderate,18.126182,84.53771,Citizen Report,257.58,13.55,140.13,21.32,69.9,68.88,1,0.646,12,6,18,45.97,9
Yes,Severe,24.531849,91.469045,NGO Report,399.44,9.15,92.99,27.93,64.7,19.84,1,0.111,12,10,152,44.39,3
Yes,Severe,10.023046,85.663176,Citizen Report,446.75,9.66,68.72,36.6,86.28,42.2,0,0.514,18,2,84,24.53,8
No,Extreme,19.735092,75.833405,NGO Report,29.05,14.49,87.86,31.71,56.54,60.25,1,0.63,12,7,14,48.99,0
No,High,21.637534,89.355297,NGO Report,109.33,14.89,47.31,43.5,60.35,95.01,1,0.098,7,2,142,44.07,7
Yes,High,32.696901,69.523457,Satellite,309.91,12.76,127.25,43.91,50.07,30.8,1,0.153,11,15,189,34.9,3
No,Extreme,23.390339,69.453332,Citizen Report,89.66,2.45,128.92,34.16,49.48,96.14,0,0.946,8,0,63,0.98,6
Yes,High,33.402662,74.953461,Local Authority,400.01,10.04,126.45,33.05,63.81,14.63,1,0.612,16,6,191,0.94,5
Yes,High,15.907249,92.818208,NGO Report,448.79,7.78,78.18,12.25,97.13,53.15,0,0.88,13,1,61,48.78,10
Yes,Moderate,9.561957,77.47578,IMD,478.28,9.84,125.92,10.72,78.03,46.72,0,0.342,6,10,47,4.63,0
No,Extreme,10.268994,77.426646,NGO Report,42.17,7.63,66.01,20.73,34.97,39.53,0,0.804,13,6,14,44.31,2
No,Moderate,34.991816,93.074949,Citizen Report,106.89,13.26,22.8,11.74,69.92,85.47,1,0.27,19,15,171,19.74,0
No,High,19.766828,89.232429,Citizen Report,187.83,10.37,106.06,20.03,24.32,75.6,0,0.2,18,11,156,1.23,2
No,Low,11.228932,80.26626,Satellite,318.77,9.46,56.78,25.97,90.37,18.29,1,0.064,10,4,176,32.11,5
No,Extreme,21.982859,81.043797,Local Authority,189.07,10.24,130.39,13.64,42.66,26.04,1,0.087,3,10,50,17.67,1
No,Extreme,11.665682,90.992107,NGO Report,79.36,13.74,22.8,30.55,47.02,82.31,0,0.59,3,2,135,35.68,0
Yes,High,12.914979,74.500911,IMD,270.84,2.18,92.1,19.26,89.97,24.43,0,0.961,20,3,119,43.36,10
No,Moderate,36.271009,90.249644,NGO Report,159.18,0.79,49.53,13.85,70.81,83.69,1,0.909,12,14,31,28.2,1
No,High,8.581174,82.579349,Satellite,89.99,9.6,42.3,23.42,32.16,45.48,1,0.859,15,11,110,46.62,6
No,Low,11.773674,95.746135,IMD,30.94,9.81,78.45,32.44,73.69,86.57,1,0.344,5,7,122,19.16,1
No,Extreme,18.873077,78.036382,NGO Report,226.61,9.77,31.18,29.11,91.66,36.5,0,0.971,6,11,190,32.36,2
No,Moderate,17.056694,78.795739,Satellite,266.83,8.42,32.27,33.64,34.01,22.06,0,0.876,7,10,108,24.95,9
No,Severe,36.609011,96.092246,Local Authority,485.77,8.15,7.42,21.93,71.71,61.04,1,0.677,3,3,156,20.05,3
Yes,Moderate,8.084605,84.797387,Satellite,110.49,4.84,68.07,15.31,95.68,13.36,0,0.047,17,14,93,4.5,1
No,Moderate,9.621783,92.222575,Satellite,50.78,3.56,52.14,29,67.35,73.51,1,0.874,10,9,45,36.63,5
No,High,33.377227,68.153679,Satellite,48.92,12.42,33.56,38.85,90.37,83.89,1,0.892,8,5,198,18.07,1
No,High,24.525375,95.842009,Local Authority,179.96,1.69,56.53,36.44,79.14,23.79,1,0.717,0,10,153,4.93,2
No,High,10.780929,73.024748,NGO Report,3.59,2.42,146.86,25.98,52.37,95.27,0,0.564,14,13,169,2.62,7
No,Extreme,10.431803,68.005761,Satellite,313.34,4.86,0.83,41.07,80.42,53.63,1,0.292,7,2,16,2.57,7
Yes,Moderate,18.641483,69.199473,NGO Report,362.99,12.43,44.65,28.05,65.78,67.03,1,0.47,11,14,22,12.83,3
Yes,Low,18.006587,89.220359,NGO Report,168.02,4.46,121.01,39.35,60.87,37.47,0,0.209,17,7,129,48.94,9
Yes,High,33.412117,82.610803,NGO Report,133.58,8.73,6.82,33.01,37.83,24.46,1,0.402,6,15,101,10.36,6
No,Moderate,15.671984,90.258305,Satellite,220.85,11.42,12.21,15.83,74.78,36.97,0,0.231,2,7,57,42.76,4
Yes,Moderate,15.558176,96.750676,Citizen Report,386.27,7.83,91.72,10.7,49.77,51.63,0,0.245,6,2,109,28.46,0
No,Extreme,18.594732,83.39755,Citizen Report,114.71,3.23,71.93,44.62,79.59,47.9,1,0.657,5,7,61,44.7,0
No,High,21.269509,81.464113,Satellite,38.68,6.56,6.54,27.95,89.03,75.39,0,0.108,15,10,162,10.68,3
Yes,Moderate,28.358486,82.520454,NGO Report,10.68,9.75,128.1,20.09,27.68,47.82,0,0.381,7,3,101,18.8,3
Yes,High,17.891997,77.474992,Citizen Report,53.64,1.06,134.73,24.24,72.01,88.53,0,0.373,11,13,92,6.28,4
No,Low,21.021183,96.801262,Citizen Report,429.89,12.69,137.34,30.67,56.68,22.44,0,0.549,18,4,132,9.8,4
Yes,Severe,26.70585,93.919198,Satellite,469.65,3.06,1.47,36.49,61.74,51.91,0,0.023,0,1,122,34.53,5
Yes,Severe,23.856709,89.570662,Citizen Report,283.89,4.13,110.5,42.41,95.55,95.7,1,0.047,10,14,169,23.76,4
No,High,21.99958,95.029451,Citizen Report,492.16,9.52,4.47,11.94,73.83,89.84,1,0.137,14,12,131,17.76,4
No,Extreme,9.001646,90.144627,NGO Report,234.35,0.26,48.61,35.77,95.31,37.38,0,0.75,4,13,174,44.92,2
No,High,32.37951,83.731507,IMD,484.86,11.21,33.37,29.65,68.71,75.89,0,0.449,4,12,198,4.42,1
No,Low,34.342859,77.100686,Citizen Report,231.05,12.31,23.02,16.3,38.03,81.87,0,0.403,13,15,125,2.37,1
Yes,Severe,23.513777,85.238921,IMD,87.97,5.16,10.08,35.96,75.92,55.4,0,0.44,20,13,74,42.39,9
Yes,Severe,10.733278,84.323092,Citizen Report,176.67,6.23,85.81,13.57,56.79,26.52,0,0.941,15,12,31,1.85,4
No,Extreme,35.184922,78.504207,Satellite,444.45,8.34,107.19,35.66,85.89,40.01,0,0.876,19,0,75,19.43,0
Yes,Moderate,15.539564,80.152083,Satellite,424.31,5.35,50.53,23.32,33.97,45.71,1,0.458,2,10,179,42.35,0
No,Severe,32.78452,74.029348,IMD,485.88,3.3,0.5,28.72,84.1,56.57,0,0.074,2,7,45,48.8,8
No,Extreme,17.181294,90.527626,Local Authority,321.44,11.49,119.27,14.83,77.4,31.87,0,0.044,17,13,162,22.83,9
No,Severe,33.114629,80.100874,Local Authority,378.38,2.63,53.58,28.83,49.88,55.77,0,0.4,2,11,153,37.68,5
No,Extreme,25.354805,95.347342,Satellite,29.26,5.63,120.32,40.24,82.7,17.04,1,0.719,13,0,23,40.1,3
Yes,Severe,24.659251,77.052614,IMD,26.72,13.42,117.41,35.01,35.45,52.57,0,0.825,16,8,63,19.27,9
No,Severe,23.380701,94.622775,Local Authority,241.05,6.51,126.09,42.9,75.02,63.55,1,0.218,14,5,82,22.9,6
Yes,High,12.787098,75.604942,Citizen Report,401.66,14.1,40.04,22.82,91.76,25.75,1,0.968,18,7,70,15.84,3
Yes,Severe,8.440905,80.451105,Citizen Report,92.82,13.52,97.1,29.17,57.46,75.01,0,0.825,0,5,98,7.37,6
Yes,High,17.431421,75.31736,IMD,369.95,10.47,147.33,18.97,21.88,37.14,0,0.253,7,14,88,3.83,10
Yes,High,23.221561,74.683436,Citizen Report,227.74,2.97,137.96,27.78,80.6,64.84,1,0.349,9,7,132,44,3
Yes,High,21.105544,70.085644,Citizen Report,81.57,2.52,64.61,11.9,28.09,70.49,1,0.368,10,15,10,27.99,10
Yes,Extreme,24.554927,79.909083,Satellite,56.17,0.99,80.37,32.12,94.34,84.26,1,0.186,18,5,186,19.72,5
No,Extreme,10.412617,92.463811,Satellite,306.8,7.63,20.6,15.42,31.84,22.64,0,0.663,1,7,59,4.57,5
Yes,High,18.659101,81.404927,Local Authority,259.23,6.67,83.74,15.65,80.98,39.23,1,0.652,17,11,170,47.82,9
No,High,19.244711,92.464593,NGO Report,317.91,12.58,12.76,39.91,37.08,77.88,0,0.253,1,3,167,7.47,2
Yes,Moderate,19.273776,73.077833,NGO Report,386.07,12.53,81.34,33.63,44.89,48.84,1,0.175,10,15,114,34,9
Yes,Low,36.491395,84.879211,Citizen Report,481.3,6.99,43.04,37.69,83.5,74.16,0,0.315,1,4,43,3.06,6
Yes,High,21.254817,94.47853,IMD,451.33,3.82,147.5,30.63,83.3,72.06,0,0.163,4,4,142,47.13,1
No,High,27.312277,87.688368,Citizen Report,11.31,12.88,72.27,34.7,81.57,73.48,1,0.001,19,10,3,49.01,7
No,Moderate,9.371567,71.941721,IMD,322.3,12.68,2.44,18.27,65.79,93.95,1,0.907,6,12,72,43.75,8
Yes,High,32.909444,73.090713,Satellite,311.74,13.4,135.87,11.56,98.46,76.33,1,0.359,15,11,95,28.83,9
No,Moderate,26.428082,73.506506,NGO Report,146.66,7.72,130.41,37.6,82.72,15.89,1,0.1,17,12,177,35.72,3
No,Moderate,15.332387,84.361018,Satellite,406.88,6.94,3.28,41.3,21.25,50.56,0,0.88,18,6,90,3.37,4
Yes,Extreme,27.784628,92.436098,IMD,321.98,12.14,66.71,30.09,37.57,13.15,1,0.345,16,10,22,2.79,3
Yes,Moderate,23.15105,93.542569,NGO Report,449.45,10.6,140.12,35.01,20.27,77.08,1,0.414,0,2,158,29.56,6
Yes,Extreme,28.290623,90.098679,Citizen Report,208.94,14.88,50.92,26.57,26.5,18.58,0,0.209,14,3,8,4.07,3
No,Low,19.050509,89.256287,Satellite,319.7,14.98,28.66,19.87,55.63,73.2,1,0.868,9,8,54,48.73,7
Yes,Low,24.816265,94.38327,Citizen Report,273.51,3.5,40.57,30.92,21.61,57.45,0,0.797,10,10,31,43.02,2
No,Low,14.508785,87.384908,Local Authority,351.71,8.68,98.69,14.33,59.57,82.25,1,0.019,13,4,157,21.14,9
No,Moderate,15.372223,93.299717,Local Authority,2.66,9.03,138.21,22.93,50.94,44,1,0.033,13,0,169,28.24,7
Yes,High,8.100421,95.213414,Citizen Report,289.39,3.96,18.87,44.88,96.96,98.51,0,0.304,20,6,113,29.31,6
Yes,High,24.055769,68.635992,Local Authority,207.35,10.91,116.68,24.08,72.18,62.38,0,0.927,11,5,63,29.72,5
No,Extreme,21.406517,86.399863,Satellite,209.3,13.58,137.71,17.17,34.94,27.05,0,0.248,17,7,113,5.51,0
Yes,Low,22.875894,91.615942,Local Authority,42.29,13.8,91.12,17.01,88.97,94.04,1,0.887,19,8,77,45.5,10
No,Low,24.467885,94.100601,Local Authority,80.78,13.01,56.33,35.71,78.79,21.4,0,0.968,19,6,107,28.56,5
No,Low,34.763873,91.198756,NGO Report,81.34,6.64,149.1,38.2,78.29,85.4,1,0.766,3,10,99,15.42,4
Yes,Extreme,8.407139,78.001225,IMD,387.38,9.44,15.64,17.93,36.2,43.57,1,0.963,8,9,185,7.66,4
Yes,Moderate,9.930683,82.004621,Satellite,402.34,3.48,39.13,28.32,81.84,52.45,0,0.541,16,12,135,17.22,3
Yes,Low,33.739316,78.698342,IMD,163.59,11.52,47.35,17.54,30.46,21.83,0,0.286,3,9,36,31.54,8
No,High,32.014655,73.799745,NGO Report,362.13,8.53,118.42,12.93,49.23,71.84,1,0.963,8,5,132,18.9,8
No,Severe,35.233155,91.363386,NGO Report,430.33,6.43,29.85,19.46,52.82,62.46,0,0.135,8,7,4,44.84,9
Yes,Low,26.183968,79.056772,NGO Report,20.29,3.03,128.53,28.56,64.19,47.78,1,0.11,20,5,83,5.1,6
Yes,Extreme,26.047893,89.445234,NGO Report,219.81,8.2,8.99,16.2,93.2,53.3,0,0.683,3,14,196,16,5
Yes,Extreme,22.959347,79.773613,Citizen Report,160.5,14.09,4.58,34.91,46.03,68.81,0,0.735,8,13,166,10.2,5
No,Low,17.752306,86.205475,IMD,32.66,5.83,124.23,33.61,42.6,24.8,0,0.967,8,8,21,20.59,7
Yes,Moderate,33.8352,96.570803,Citizen Report,240.83,12.09,24.35,35.31,82.81,70.46,1,0.924,20,4,194,4.66,7
Yes,Moderate,18.024393,75.385938,NGO Report,473.52,0.92,63.91,34.13,21.11,28.42,0,0.606,5,0,188,38.41,1
No,Extreme,24.581969,90.943468,Local Authority,147.56,10.67,111.66,14.47,32.17,76.77,1,0.119,17,1,90,39.88,7
Yes,Extreme,34.637552,79.863542,Local Authority,444.18,7.8,8.94,32.7,71.98,23.2,1,0.67,2,7,50,2.3,6
Yes,Moderate,11.689189,74.905546,Satellite,216.3,5.65,0.51,40.04,33.96,26.48,1,0.198,6,10,45,15.02,1
No,Extreme,24.712459,76.842831,Citizen Report,453.39,9.48,13.53,29.84,50.07,27.16,0,0.327,15,2,99,25.67,6
No,Moderate,25.963431,88.783831,Citizen Report,459.34,10.42,16.95,20.59,85.14,70.13,0,0.125,20,3,96,48.15,1
Yes,Extreme,15.188753,88.885538,Local Authority,33.77,14.63,8.46,43.86,64.95,43.62,1,0.73,14,12,14,6.46,2
No,Severe,26.185557,71.643915,Citizen Report,325,12.39,93.08,35.94,30.44,63.11,1,0.187,18,7,5,8.5,8
Yes,High,14.120711,88.836829,NGO Report,119.57,11.73,139.54,32.57,76.18,21.48,0,0.408,16,10,187,43.21,2
No,Moderate,25.851583,83.790431,NGO Report,319.62,8.37,141.17,33.82,85.19,32.08,1,0.227,20,3,83,11.89,6
Yes,Severe,10.417031,91.917015,IMD,411.4,12.39,89.32,11.15,45.7,78.42,1,0.562,11,7,178,10.9,4
No,Low,31.122315,79.276683,NGO Report,164.72,0.52,56.56,19.42,30.42,82.26,0,0.816,17,6,147,19.56,3
No,Low,16.033988,70.788192,Satellite,410.28,4.39,1.62,28.28,48.34,58.92,1,0.923,0,10,43,29.39,1
No,Severe,22.35248,74.993984,NGO Report,39,9.15,124.92,17.95,93.68,12.33,0,0.026,2,4,141,24.62,0
Yes,Extreme,34.285363,93.460319,NGO Report,9.86,0.84,148.42,20.66,44.54,46.77,0,0.117,12,7,197,24.87,7
No,Severe,31.261133,79.304732,Satellite,488.49,2.75,38.59,11.5,55.36,47.36,0,0.075,10,2,24,41.65,5
Yes,High,34.132838,95.569596,Local Authority,131.42,2.52,25.45,14.72,93.96,75.74,0,0.074,14,8,20,20.3,10
Yes,Low,36.340503,70.007117,Citizen Report,243.67,4.84,140.15,21.37,99.77,14.15,1,0.678,8,1,53,12.73,0
Yes,Extreme,21.492665,87.862363,NGO Report,471.48,13.71,8.65,39.71,48.4,32.58,0,0.669,12,9,120,18.89,7
No,Moderate,25.942694,79.98196,Satellite,374.58,14.86,54.4,34.52,79.86,25.01,0,0.32,2,13,196,48.48,3
No,Moderate,8.905691,81.495424,IMD,427.08,1.2,5.44,21.1,74,35.7,0,0.615,8,14,146,15.14,4
Yes,High,36.667085,79.123367,NGO Report,363.31,6.64,82.44,44.35,88.62,35.21,1,0.933,17,14,29,20.55,3
No,Extreme,12.462182,69.94447,Local Authority,384.37,2.35,67.78,21.14,57.3,17.73,0,0.581,11,0,24,38.97,6
Yes,Extreme,28.958366,82.353798,IMD,451.82,6.62,90.03,30.79,54.96,41.11,1,0.865,3,3,44,22.32,9
Yes,High,17.561091,73.133647,Citizen Report,160.37,11.8,108.37,35.44,24.47,38.61,1,0.196,14,1,200,0.62,6
No,Extreme,31.082382,80.521462,NGO Report,314.31,3.12,43.83,24.97,86.27,22.63,1,0.884,1,12,140,3.35,0
Yes,Extreme,9.901714,86.451388,IMD,37.82,11.47,132.65,16.58,27.81,64.41,1,0.35,3,9,140,45.42,9
Yes,Extreme,35.108652,77.712379,NGO Report,368.41,2.94,92.67,17.22,27.05,42.93,0,0.234,8,0,34,44.25,0
No,Low,21.520665,82.166497,Citizen Report,321.52,8.11,101.78,40.66,66.86,74.03,1,0.327,2,2,52,7.15,10
No,Moderate,25.298008,83.263124,Citizen Report,472.83,10.08,59.14,23.05,59.86,85.16,1,0.219,19,0,151,25.76,3
No,Moderate,25.911493,93.965412,Citizen Report,34.68,1.29,31.92,25.98,74.03,55.8,0,0.387,1,6,93,16.6,2
No,High,33.619861,72.092793,NGO Report,97.84,0.47,51.57,44.57,35.53,87.08,1,0.003,0,2,2,39.96,7
No,High,19.576215,79.045097,Local Authority,240.69,14.51,11.44,44.53,51.34,78.3,0,0.288,9,10,93,22.49,5
Yes,Severe,8.92772,75.893072,Local Authority,187.67,9.07,76.27,43.01,93.2,42.83,0,0.983,14,13,45,30.64,6
No,Low,31.87703,95.036051,Satellite,209.3,14.93,96.03,41.88,79,49.02,1,0.044,12,11,163,19.55,3
Yes,Low,28.212721,79.699166,Local Authority,351.7,5.9,133.61,40.06,46.86,27.82,0,0.897,12,1,52,21.23,5
Yes,High,11.996614,68.39183,IMD,306.7,0.27,146.14,16.24,21.86,94.3,1,0.098,13,10,37,1.17,10
Yes,High,21.862662,77.936713,Local Authority,233.5,14.64,148.29,10.1,83.46,23.02,0,0.509,8,0,67,5.58,3
No,High,15.969325,91.498168,Citizen Report,286.96,4.91,143.96,17.52,79.67,40.12,1,0.296,8,7,79,23.22,7
Yes,Low,36.306755,73.888047,NGO Report,12.44,7.66,73.87,43.33,35.85,98.89,1,0.413,16,7,8,13.27,10
No,Moderate,33.903902,76.260755,Local Authority,308.09,12.18,146.03,10.24,72.74,84.37,1,0.497,17,12,159,42.75,2
Yes,Low,15.937904,93.998165,IMD,139.87,9.07,105.17,15.42,23.2,37.2,0,0.08,20,11,51,18.08,8
No,Extreme,31.47912,73.736077,NGO Report,303.9,12.99,56.15,28.27,45.81,19.47,0,0.489,13,8,68,16.04,3
Yes,Extreme,12.5346,78.559403,Citizen Report,148.49,4.78,127.19,32.65,62.31,99.23,1,0.645,20,2,6,44.63,9
No,Moderate,22.753118,92.505842,Satellite,409.12,13.58,22.95,28.66,87.57,46.58,0,0.225,16,6,13,24.6,9
No,Severe,28.72738,93.722569,IMD,110.65,5.15,110.11,25.48,80.01,23.3,0,0.351,17,6,165,1.54,9
Yes,Moderate,9.466042,68.749351,NGO Report,213.66,7.7,17.25,33.91,79.91,31.31,1,0.839,14,9,165,4.98,10
Yes,High,20.235871,90.279654,NGO Report,410.75,2.99,9.71,20.01,26.66,49.14,1,0.935,7,12,161,41.86,5
No,High,33.390886,71.358345,Local Authority,142.67,8.82,121.56,13.04,60.51,37.56,0,0.096,3,11,133,42.05,0
Yes,High,19.140542,78.310365,Satellite,139.95,8.29,18.84,10.35,62.25,53.18,1,0.446,15,1,113,46.96,2
No,Low,19.858596,92.114482,Local Authority,321.03,9.74,59.51,12.65,32.62,32,0,0.384,3,6,157,10.18,9
No,Low,28.964883,84.630255,Satellite,459.88,12.2,82.82,38.99,34.41,66.73,1,0.376,3,5,172,1.03,6
No,Moderate,21.080502,76.227628,Local Authority,493.52,13.12,37.03,31.38,45.64,74.46,1,0.329,0,0,182,47.07,7
Yes,High,31.680416,93.381466,Local Authority,269.43,13.91,52.67,14.88,74.14,14.82,1,0.437,13,13,40,42.5,6
Yes,Moderate,23.51536,77.116178,Local Authority,125.97,12.41,75.66,30.27,40.2,91.89,0,0.642,5,5,194,4.67,5
No,Moderate,29.902076,71.647134,Local Authority,199.09,9.44,2.03,13.17,39.13,95.66,0,0.521,4,7,87,6.7,2
Yes,Extreme,20.717813,95.133316,Citizen Report,228.02,6.96,75.02,34.41,62.85,55.42,1,0.224,14,13,52,3.07,4
Yes,Severe,30.809963,88.078188,NGO Report,334.19,1.06,122.1,19.17,43.66,46.49,1,0.093,19,8,94,12.5,6
Yes,Moderate,14.382106,78.13024,NGO Report,9.35,6.33,146.85,10.17,21.52,85.49,1,0.837,10,11,91,10.42,7
Yes,Extreme,21.808382,73.364157,IMD,306.17,0.71,133.02,25.75,83.57,25.47,0,0.229,6,4,85,44.78,8
Yes,Severe,27.107979,81.375719,NGO Report,438.87,11.68,124.66,13.32,41.24,29.63,0,0.849,6,2,75,4.02,8
No,Moderate,36.385236,87.422178,Local Authority,181.49,5.58,62.61,12.71,21.34,36.48,1,0.091,18,4,185,11.67,8
Yes,Extreme,34.683628,96.972145,IMD,264.27,0.81,119.66,14.74,24.07,50.96,1,0.002,10,8,19,38.25,4
Yes,Severe,23.628101,83.259238,IMD,288.91,8.59,138.35,11.88,53.33,21.07,1,0.971,18,8,174,15.79,1
Yes,High,14.861612,92.302579,IMD,80.32,6.48,42.15,33.48,37.02,96.09,1,0.615,12,9,95,37.39,0
Yes,Extreme,35.305596,78.307256,Citizen Report,93.43,0.3,119.02,27.16,82.02,80.37,1,0.093,4,3,48,25.76,0
Yes,High,21.408737,80.614899,Local Authority,173.91,5.65,94.28,15.22,24.46,45.08,1,0.221,4,8,19,10.55,7
Yes,Severe,10.799808,76.311214,NGO Report,369.15,1.16,61.99,44.19,98.46,19.89,0,0.173,1,7,171,11.53,1
No,Moderate,11.236873,95.740513,IMD,31.15,12.2,4.01,32.71,81.07,37.66,1,0.362,13,5,95,45.63,3
Yes,Severe,30.937421,71.500081,NGO Report,138.82,4.55,60.62,34.83,68.68,44.68,1,0.727,17,6,114,33.41,6
Yes,High,26.467367,68.046569,NGO Report,466.37,14.26,105.28,33.27,94.89,70.79,1,0.58,0,1,32,48.03,5
No,High,20.310538,91.73619,Local Authority,195.98,3.58,4.52,15.3,38.95,64.45,0,0.874,13,12,91,12.12,7
Yes,Extreme,8.162774,71.326999,IMD,15.21,12.04,4.29,28.49,96.09,60.34,1,0.922,11,11,37,34.52,9
No,High,28.13583,79.113701,NGO Report,14.07,2.43,80.41,44.56,91.19,94.98,1,0.815,2,12,39,45.46,3
Yes,Extreme,33.84724,86.877596,Citizen Report,439.43,6.72,30.51,22.78,54.32,49.97,1,0.088,1,12,169,43.3,1
No,High,27.106273,75.960744,Citizen Report,120.79,10.98,88.53,28.97,95.74,62.08,0,0.234,11,2,165,21.54,7
Yes,Extreme,11.57052,70.441894,Citizen Report,197.62,0.43,34.78,20.17,78.58,68.72,1,0.686,8,15,127,40.77,3
Yes,Extreme,16.868853,88.147549,NGO Report,431.55,9.01,41.78,18.57,50,12.16,1,0.649,10,12,51,48.69,9
Yes,Severe,19.776808,71.379376,NGO Report,393.23,10.47,101.07,29.7,87.18,64.92,0,0.047,3,10,43,35.1,9
Yes,Moderate,9.229075,74.260213,NGO Report,442.42,4.65,78.94,18.34,28.98,82.35,1,0.144,10,15,112,25.12,6
No,Severe,32.228752,83.881308,Citizen Report,392.01,6.59,17.69,17.96,92.15,25.57,0,0.789,20,5,64,15.39,3
No,Severe,20.395938,74.869689,IMD,256.14,10.32,87.26,24.67,20.91,71.18,1,0.264,3,3,36,35.96,9
Yes,Severe,9.820605,83.763479,Citizen Report,454.27,4.09,46.07,30.91,36.64,73.89,1,0.957,7,8,94,40.47,2
No,Extreme,15.770184,79.754613,Local Authority,287.68,7.13,141.45,20.72,44.93,24.47,0,0.653,1,2,124,40.22,2
No,Low,19.361767,86.308609,IMD,418.9,9.4,91.36,19.57,41.48,90.45,1,0.328,14,1,136,3.62,10
Yes,Severe,33.534952,85.067382,Citizen Report,55.1,9.09,119.42,19.68,82.51,78.93,0,0.124,2,3,99,33.88,5
No,Extreme,28.78028,85.385959,Satellite,404.14,4.7,76.36,23.23,80.05,36.65,0,0.513,12,4,27,6.76,2
No,Low,31.135547,74.263192,IMD,66.96,12.22,76.05,42.45,20.36,33.77,1,0.851,11,2,33,13.1,5
Yes,Severe,17.397684,72.651805,Citizen Report,178.26,3.69,109.94,38.94,32.34,26.03,0,0.623,1,4,138,31.39,3
Yes,Severe,12.106725,71.998573,Satellite,151.23,7.44,37.37,43.73,44.76,69.82,0,0.09,7,2,24,42.55,9
Yes,Moderate,21.577492,68.76183,Local Authority,71.78,8.58,80.9,41.67,79.21,60.37,1,0.29,14,15,43,2.74,7
No,Severe,20.465355,78.536512,Local Authority,93.23,14.51,5.86,33.71,94.17,68.9,0,0.125,6,2,171,4.7,1
Yes,Moderate,19.354308,69.099868,Local Authority,288.44,7.42,113.86,34.43,66.17,30.77,0,0.318,4,6,44,14.94,2
No,High,35.157327,68.072895,Citizen Report,16.5,4.33,148.5,23.68,21.86,49.17,0,0.897,9,5,185,1.2,4
Yes,Low,19.072902,75.665504,Citizen Report,81.57,9.85,77.26,19.28,32.14,75.83,1,0.808,2,0,6,15.25,0
Yes,Extreme,8.327303,96.594062,Local Authority,55.08,12.58,16.81,17.04,50.28,34.78,1,0.983,5,5,60,39.34,5
No,Moderate,10.099915,84.301243,IMD,51.79,12.93,148.22,11.28,55.09,87.66,0,0.23,2,4,200,39.91,1
No,Extreme,27.985262,89.263023,IMD,119.46,13.06,13.3,12.29,84.37,38.04,0,0.799,13,13,70,3.63,8
No,Severe,23.963421,69.979925,Local Authority,70.76,1.24,14.3,21.22,66.58,82.93,0,0.301,6,2,94,33.03,10
Yes,Severe,31.713029,87.545772,Local Authority,352.63,2.77,10.39,12.88,63.68,81.7,1,0.595,7,0,25,13.99,3
No,Extreme,8.131467,77.681084,Citizen Report,347.2,1.08,101.09,44.54,34.72,78.06,0,0.57,5,8,84,49.36,2
No,High,36.856752,85.245621,Satellite,111.39,0.12,91.48,17.2,27.09,87.46,1,0.716,18,15,112,41.06,6
Yes,High,8.847844,75.091363,Satellite,211.09,14.28,43.47,44.78,20.18,30.94,1,0.008,13,3,89,48.16,4
Yes,Moderate,26.715955,80.06395,Local Authority,375.57,3.79,40.23,39.4,60.7,68.27,0,0.394,8,14,45,28.56,3
No,Extreme,9.811691,94.620959,NGO Report,77.02,10.06,8.82,15.02,23.59,20.68,1,0.912,16,7,34,27.8,8
No,Moderate,36.025654,95.219851,IMD,318.77,1.01,87.13,34.36,43.63,93.94,0,0.456,18,13,162,13.42,8
Yes,Low,29.730231,73.799319,Satellite,364.01,9.29,5.58,41.79,59.91,10.93,1,0.977,16,2,90,16.07,1
No,Extreme,9.146473,94.497488,Local Authority,373.78,6.07,145.55,14.31,74.61,91.71,1,0.605,9,0,78,17.96,9
No,Severe,28.164195,74.849247,IMD,275.56,4.23,138.18,33.67,37.2,67.7,0,0.063,13,1,6,11,10
No,High,26.354124,91.808293,Satellite,454.02,9.75,103.16,12.19,40.21,68.07,1,0.007,16,1,131,31.66,3
Yes,Moderate,14.647617,83.466164,Satellite,307.43,1.56,117.11,22.5,48.99,14.4,0,0.81,16,10,85,0.94,0
Yes,Moderate,19.813951,96.285488,IMD,301.45,5.03,88.27,21.19,34.52,73.6,0,0.568,8,6,152,20.42,10
No,Moderate,14.936628,87.396973,Local Authority,7.8,7.23,92.89,10.66,21.21,61.86,0,0.708,12,1,25,39.89,6
No,High,13.696546,80.565495,Citizen Report,395.08,10.76,17.2,11.49,28.24,62.02,1,0.596,6,5,115,40.11,8
No,Severe,11.94779,90.813837,IMD,74.56,4.2,138.76,32.41,51.02,54.13,1,0.484,5,8,109,35.51,10
Yes,Low,8.351943,83.964178,NGO Report,411.44,2.13,136.5,34.58,66.13,89.89,0,0.712,14,4,145,28.07,0
No,Severe,28.174209,69.172874,Satellite,275.27,4.82,10.44,12.2,24.32,66.9,0,0.306,9,10,11,49.71,3
No,High,20.821241,87.32267,NGO Report,189.06,9.86,64.43,18.15,78.92,98.98,0,0.313,5,15,164,12.77,0
Yes,High,11.229504,78.434171,Local Authority,188.8,14.68,111.09,19.22,33.51,56.43,1,0.876,8,14,125,42.27,10
Yes,Extreme,9.796592,73.945759,IMD,82.2,1.18,7.95,31.74,61.54,99.92,1,0.359,14,7,66,5.84,0
Yes,Extreme,13.318916,82.453644,Satellite,170.02,1.65,17.55,21.13,53.26,67.67,1,0.824,2,13,104,32.98,6
Yes,Low,30.346693,74.748352,Citizen Report,232.88,7.44,51.75,28.14,46.85,24.5,0,0.937,19,4,72,33.26,2
No,High,22.100242,95.652331,IMD,452.27,11.86,32.09,29.98,58.84,31.24,0,0.723,14,2,155,33.48,9
No,Extreme,10.573072,84.715799,NGO Report,441.62,10.74,66.11,20.27,28.79,28.67,1,0.821,18,6,12,15.75,2
Yes,High,18.508298,76.237744,Citizen Report,252.49,6.67,23,27.99,96.13,84.72,1,0.743,12,0,81,1.49,4
No,Moderate,26.580167,96.870552,NGO Report,459.29,5.58,47.87,35.61,22,30.32,1,0.006,6,9,116,16.24,10
No,High,10.72952,82.05108,IMD,176.12,1.82,128.18,38.73,88.62,10.69,1,0.183,5,10,53,5.46,10
Yes,Moderate,35.035008,71.240844,NGO Report,238.35,11.32,12.14,29.75,78.04,57.3,1,0.119,4,11,185,35.97,3
Yes,Extreme,9.640633,69.119435,Citizen Report,152.88,10.65,4.84,23.52,23.89,62.84,1,0.169,7,2,147,38.39,4
Yes,Severe,36.526458,83.26353,Satellite,285.68,11.99,134.78,29.86,41.7,37.77,1,0.736,5,0,64,30.35,1
No,High,21.211881,72.60107,Citizen Report,313.29,8,109.5,29.15,83.19,22.13,1,0.344,16,2,104,39.17,3
No,Low,31.490926,94.358403,Citizen Report,181.24,12.28,10.44,38.22,73.44,77.81,1,0.834,2,7,102,3.74,3
No,Severe,21.553407,85.795161,Satellite,177.28,9.85,17.05,26.74,41.35,87.31,1,0.853,13,1,122,46.46,4
No,High,30.131498,77.563976,Satellite,397.44,7.33,18.27,40.87,29.38,25.3,1,0.556,17,4,52,22.13,7
No,Severe,22.411936,68.215224,Citizen Report,475.5,7.14,42.57,11.16,83.41,49.79,1,0.583,10,8,37,41.78,0
No,Low,13.211009,79.769596,IMD,10.78,7.93,122.83,10.67,62.59,39.9,0,0.822,18,8,41,23.56,5
Yes,High,8.897109,79.118023,IMD,297.51,8.71,13.97,18.24,24.32,17.88,0,0.293,2,11,45,16.82,4
Yes,Low,17.238722,82.675949,Satellite,134.15,3.12,125.43,27.35,72.34,46.05,0,0.704,17,7,101,44.88,10
No,Moderate,18.634796,91.815505,IMD,255.91,1.65,123.41,21.83,27.34,94.23,1,0.079,6,3,63,3.57,9
Yes,Severe,13.247075,94.812274,Local Authority,462.75,0.86,48.11,15.67,77.01,40.58,1,0.538,10,15,154,17.4,3
Yes,Extreme,29.936911,96.529497,Satellite,94.91,5.45,126.79,25.38,70.15,83.8,0,0.794,17,8,118,48.09,3
Yes,Low,31.096532,74.000003,Local Authority,64.24,10.49,64.58,20.84,61.16,49.5,1,0.298,18,7,189,33.68,6
Yes,Low,28.763736,88.858823,IMD,274.87,2.4,39.37,42.23,46.01,80.77,1,0.031,3,2,179,22.5,5
Yes,Severe,20.095974,95.101662,Citizen Report,300.38,0.05,116.92,30.36,37.56,75.54,0,0.537,16,4,129,38.97,6
Yes,High,31.262131,74.676408,Local Authority,230.49,14.49,6.02,42.52,56.74,59.07,1,0.054,1,7,122,21.88,5
Yes,Severe,8.01895,92.778127,NGO Report,127.17,13.27,103.89,23.66,86.25,56.47,0,0.933,7,14,46,36.8,3
No,High,29.551307,87.232531,NGO Report,227.59,10.76,43.81,30.01,33.07,18.78,1,0.097,11,6,76,48.39,3
Yes,High,21.316873,78.396892,NGO Report,2.5,3.92,45.55,14.47,91.69,39.48,1,0.84,15,14,25,24.23,2
No,Severe,28.744098,73.269377,Satellite,13.62,9.76,113.33,24.04,73.41,50.72,0,0.124,10,13,78,42.77,10
Yes,Moderate,29.924568,83.298355,Citizen Report,222.46,13.7,19.46,27.99,90.28,47.91,1,0.838,19,11,4,21.11,4
No,Severe,17.625081,68.53571,NGO Report,102.49,5.37,71.05,26.78,92.79,30.73,0,0.707,20,9,67,15.47,10
Yes,Severe,19.260689,92.685194,Satellite,223.55,10.38,46.6,13.42,68.66,36.55,1,0.818,6,6,179,40.73,0
No,Low,35.18529,86.951731,NGO Report,183.48,6.31,128.88,19.88,24.35,76.54,1,0.513,5,11,151,39.36,10
Yes,Moderate,14.048939,93.826519,Citizen Report,241.82,1.65,48.78,15.72,74.5,86.96,0,0.847,10,11,13,46.43,5
Yes,Severe,33.73884,95.52363,NGO Report,40.59,8.63,54.78,35.1,74.06,24.53,0,0.467,1,2,88,23.99,5
Yes,Low,35.446636,87.760475,Citizen Report,62.47,1.53,30.23,22.9,28.94,41.15,0,0.513,8,10,11,8.06,7
Yes,Moderate,10.99102,95.198212,Citizen Report,182.01,1.49,103.85,40.61,38.4,94.67,1,0.963,17,7,2,3.35,6
Yes,Severe,34.545362,92.980936,NGO Report,359.11,10.79,65.79,26.61,41.92,15.19,1,0.71,20,13,117,47.87,6
No,Moderate,21.894797,82.008117,NGO Report,53.12,13.11,55.12,21.89,83.59,18.5,1,0.122,6,15,66,39.63,3
Yes,Low,33.781983,75.282563,IMD,338.08,8.08,106,42.01,55.18,23.77,1,0.021,10,0,48,44.73,5
Yes,Extreme,10.710188,95.697114,Local Authority,250.62,13.09,7.72,29.46,69.59,74.09,1,0.951,7,14,191,43.04,6
Yes,High,9.487307,89.008538,Satellite,2.77,0.17,149.69,12.45,41.29,25.66,0,0.963,5,1,188,5.18,5
Yes,Extreme,20.218111,89.918418,IMD,398.67,14.17,119.36,41.2,97.45,98.78,0,0.301,13,12,126,9.92,2
No,Moderate,34.782875,75.111733,IMD,160.9,2.78,42.39,31.04,79.16,82.46,0,0.401,11,2,58,20.45,4
No,Low,27.874297,72.312944,Citizen Report,461.38,8.66,54,40.48,59.43,44.75,1,0.901,16,3,68,15.5,6
Yes,Extreme,30.328789,70.923633,Local Authority,341.39,4.63,117.76,41.51,92.29,57.81,0,0.768,4,9,188,4.57,0
No,High,25.275631,77.910338,IMD,299.79,14.67,14.77,20.42,87.16,50.58,1,0.366,3,7,158,35.51,5
No,Extreme,27.368909,80.597114,Local Authority,227.42,14.01,10.21,42.97,57.78,88.43,0,0.332,5,2,152,28.15,3
No,Low,11.409718,72.136225,Citizen Report,302.32,5.89,80.56,20.05,54.84,54.12,1,0.947,7,10,152,47,6
Yes,Extreme,12.627349,72.758771,Local Authority,317.55,9.23,62.31,28.12,32.97,41.1,0,0.551,11,9,131,24.31,0
No,High,13.525072,83.383895,IMD,356.74,8.26,12.87,18.13,29.44,41.15,0,0.46,8,14,33,34.34,4
No,Moderate,30.198966,73.496548,Citizen Report,54.11,1.72,84.52,38.01,63.61,88.79,0,0.723,14,9,191,44.92,7
Yes,Severe,17.247402,90.61617,Local Authority,340.29,0.49,9.05,24.25,55.96,47.19,0,0.42,12,2,46,6.84,3
Yes,High,31.286614,77.189996,Citizen Report,38.62,3.88,86.63,25.49,92.08,32.84,1,0.044,1,3,45,3.31,6
Yes,Severe,23.075452,77.250954,Local Authority,87.57,4.25,124.2,36.11,73.93,60.71,0,0.949,1,1,149,33.54,8
Yes,Moderate,8.57256,77.504829,Citizen Report,283.26,2.9,103.8,34.03,29.54,82.72,0,0.579,14,4,98,36.56,7
Yes,Extreme,17.805835,69.418367,Local Authority,57.72,2.22,125.27,26.24,94.35,15.67,0,0.144,7,9,91,20.76,9
Yes,Severe,35.724963,90.672944,NGO Report,477.73,9.36,117.53,30.66,29.47,47.03,1,0.055,8,3,47,6.51,7
No,Severe,36.782484,84.853643,Citizen Report,400.41,1.74,75.25,30.59,38.53,37.25,0,0.109,7,12,191,47.11,7
No,Severe,11.394803,84.510513,NGO Report,423.64,14.06,55.84,40.61,52.75,36.71,1,0.917,9,15,76,18.99,0
Yes,Extreme,12.726141,77.179208,Satellite,334.87,12.18,122.92,40.24,39.75,86.54,1,0.531,15,5,136,26.65,5
No,Moderate,10.040259,71.887606,Citizen Report,256.98,14.46,45.17,30.11,94.99,75.46,1,0.245,13,15,196,0.54,8
Yes,Extreme,10.325727,96.264318,Citizen Report,401.98,7.48,96.16,23.2,46.5,18.2,0,0.094,17,0,95,28.47,7
No,Severe,28.257651,89.770372,IMD,92.95,5.74,98.07,43.08,58.67,76.99,0,0.182,3,2,12,35.51,7
Yes,Moderate,28.641851,88.556885,IMD,120.96,4.22,70.28,32.41,20.62,65.99,1,0.88,19,7,179,45.1,1
No,Moderate,9.720356,84.084584,Local Authority,183.22,13.36,1.16,27.31,99.91,23.03,1,0.34,2,1,120,45.99,5
No,High,36.690108,77.758371,IMD,95.61,3,92.29,10.42,49.82,25.42,0,0.202,0,5,198,39.77,2
No,Extreme,21.697216,95.801061,NGO Report,135.28,7.75,81.02,13.75,53.58,57.31,0,0.433,2,8,82,18.73,7
No,High,15.827054,70.125829,IMD,172,5.33,86.42,38.72,79.95,21.73,0,0.562,1,12,118,11.25,0
No,High,36.57942,68.654818,NGO Report,275.71,14.49,23.35,43.25,95.26,19.07,0,0.606,1,1,188,9.43,5
Yes,High,15.899959,73.870703,NGO Report,215.53,12.92,81.22,22.25,79.13,52.52,1,0.362,15,7,94,49.13,5
No,Extreme,10.995679,92.33432,Satellite,129,8.89,138.97,12.32,98.01,65.24,0,0.234,6,5,154,44.92,10
Yes,Moderate,22.906885,72.967553,Local Authority,164.7,7.12,7.55,41.49,68.94,67.12,1,0.438,3,1,109,14.4,1
No,Extreme,26.248838,76.94746,IMD,370.05,4.89,66.57,27.22,79.59,65.21,1,0.061,13,0,44,24.05,2
Yes,Low,21.215134,71.310863,IMD,365.68,12.93,100.21,21.65,22.42,67.57,0,0.078,20,9,28,18.46,3
No,Severe,33.8539,77.850035,NGO Report,479.35,4.86,14.35,13.14,54.85,23.43,1,0.651,10,8,7,43.2,9
Yes,High,29.054802,74.572015,Satellite,331.58,2.07,12.05,28.72,48.38,12.24,1,0.643,8,9,154,36.73,5
No,Extreme,31.40523,75.371355,NGO Report,223.31,9.1,108.56,25.79,29.79,98.49,0,0.54,19,7,182,18.11,10
Yes,Severe,28.784457,83.561367,NGO Report,418.01,4.25,99.61,11.54,94.73,63.36,0,0.415,2,13,156,26,5
Yes,Extreme,20.135128,85.840576,Satellite,277.94,5.51,139.54,35.88,71.29,94.43,0,0.298,13,5,125,27.8,3
Yes,Extreme,13.389658,70.000248,Satellite,332.81,11.75,63.93,25.4,79.44,41.61,1,0.929,2,13,65,33.54,6
No,Low,26.148687,79.886106,NGO Report,378.26,13.14,98.11,34.57,35.64,59.25,0,0.28,15,1,40,6.51,1
Yes,Extreme,33.362064,88.32596,Local Authority,339.39,14.86,29.24,44.4,43.08,81.61,1,0.82,1,10,123,7.41,8
No,Severe,35.780985,76.282812,Local Authority,122.43,1.25,8.69,32.02,67.88,93.65,0,0.239,8,2,151,36.64,5
Yes,Extreme,22.342976,76.505737,Local Authority,354.39,14.1,126.96,27.7,91.18,88.07,1,0.915,8,3,33,36.37,3
No,High,20.697129,90.297969,NGO Report,390.38,4.77,136.97,42.49,99.15,95.59,1,0.6,6,5,89,46.75,8
No,Moderate,13.526609,69.192594,Local Authority,468.45,4.69,117.42,24.95,94.32,49.6,1,0.518,17,12,111,12.51,3
No,Moderate,15.836835,77.266895,Satellite,443.74,6.87,99.55,42.4,62.96,81.61,1,0.379,12,13,157,31.72,6
No,Extreme,20.807756,86.468606,Citizen Report,55.19,13.24,13.79,33.54,73.35,51.64,0,0.657,0,2,51,25.37,3
No,Moderate,28.131755,81.157065,Local Authority,246.99,6.01,28.37,40.8,53.52,77.95,1,0.974,17,8,145,3.65,0
No,Moderate,25.250443,95.635447,Satellite,336.45,6.54,143.22,23.9,67.12,56.63,1,0.5,6,1,125,8.5,5
No,Severe,14.709364,68.192078,Local Authority,147.14,8.57,93.68,15.96,28.81,45.61,0,0.592,8,7,82,5.62,0
No,Extreme,22.43775,78.070254,Local Authority,116.57,2.47,97.06,36.91,68.12,62.26,0,0.354,20,8,9,7.49,1
No,Severe,36.39007,81.588475,Citizen Report,441,5.64,10.6,20.58,80.77,86.44,0,0.326,5,0,9,24.84,5
Yes,Low,19.565898,90.293392,NGO Report,462.89,0.86,132.2,19.45,32.49,76.86,0,0.124,18,14,35,36.9,1
No,Severe,8.743661,86.296987,Local Authority,130.55,1.11,60.99,20.72,27.31,52.91,0,0.769,6,9,56,3.36,4
No,Moderate,8.875955,95.768938,IMD,367.5,0.6,102.13,35.68,83.16,15.86,1,0.534,3,6,179,27.5,0
No,Moderate,27.225134,71.779045,Local Authority,270.48,1.68,18.77,43.81,54.21,26.07,1,0.166,9,1,5,33.8,8
No,High,14.912224,91.937069,Satellite,113.71,10.03,102.37,37.15,53.23,99.23,0,0.588,10,12,184,44.92,10
Yes,Low,16.146712,79.582425,NGO Report,411.41,12.46,61.34,39.67,63.12,30.94,0,0.99,10,3,186,43.74,5
Yes,Severe,15.825314,95.549166,Local Authority,114.75,0.17,108.68,23.61,87.85,54.71,1,0.921,18,5,85,27.02,10
Yes,Moderate,25.927748,79.223842,NGO Report,6.46,5.08,129.28,21.08,49.72,24.92,0,0.684,19,14,45,46.26,4
No,Low,29.844535,71.868798,Satellite,265.9,8.82,30.7,13.42,48.45,13.5,0,0.18,6,12,149,48.71,10
Yes,Low,28.198087,71.231605,Satellite,18.63,4.52,141.53,44.14,62.03,74.69,1,0.857,19,5,25,18.33,9
Yes,Severe,24.051702,76.532232,NGO Report,377.6,8.57,66.49,33.79,86.52,28.4,1,0.922,19,12,31,0.75,1
Yes,Low,13.289682,78.464258,IMD,106.55,9.28,50.87,28.12,79.31,39.88,0,0.777,8,6,35,5.98,7
No,High,24.969577,71.352828,Satellite,334.67,9.81,93.83,26.71,24.65,32.89,0,0.282,15,15,13,49.22,6
Yes,High,26.827201,82.335992,Satellite,196.17,9.66,100.64,16.86,93.51,66.85,1,0.036,15,5,60,35.93,9
Yes,Moderate,17.489483,95.815446,Citizen Report,64.83,4.11,102.46,13.74,93.64,13.4,1,0.472,17,10,117,40.98,2
No,Low,13.824206,81.146975,Citizen Report,96.15,10.31,65.73,12.21,46.95,68.46,0,0.142,8,13,195,18.27,2
No,High,8.801622,68.502774,IMD,128.31,12.95,123.27,15.08,85.19,15,0,0.822,2,10,127,39.88,2
No,Extreme,29.05836,72.501043,Local Authority,60.69,5.59,142.92,13.22,35.44,81.6,1,0.762,12,10,196,17.52,10
Yes,Moderate,13.066461,83.308796,Local Authority,385.57,2.18,145.07,34.22,21.52,85.01,1,0.487,8,2,177,29.33,5
No,High,10.836357,84.36218,Citizen Report,74.73,7.01,44.22,29.22,39.23,34.04,1,0.991,15,0,37,30.69,9
Yes,Extreme,35.678927,95.258816,Citizen Report,300.63,13.92,119.83,43.23,79.42,52.09,0,0.635,20,5,85,14.58,5
No,Low,24.736772,72.190208,Citizen Report,28.34,1.35,55.42,23.81,42.28,24.11,1,0.352,5,15,98,9.4,0
Yes,High,27.800594,74.152305,Local Authority,368.74,11.39,52.82,35.45,82.81,71.95,0,0.472,20,8,164,30.97,1
Yes,Extreme,13.901642,76.82653,NGO Report,449.04,14.28,68.59,11.3,66.96,12.1,1,0.564,1,7,155,25.63,6
No,Extreme,14.59839,79.340772,Local Authority,104.79,13.19,32.78,35.32,26.6,97.83,1,0.054,17,1,16,4.57,8
Yes,Low,24.778676,90.9022,Satellite,408.09,5.6,32.41,31.22,27.49,58.82,1,0.566,13,15,154,11.71,10
Yes,Extreme,23.641631,79.021411,IMD,312.2,6.82,56.64,16.62,27.66,10.23,0,0.342,9,2,69,8.52,1
Yes,Moderate,31.826058,89.165474,NGO Report,216.4,6.63,97.61,13.28,89.37,18.19,1,0.324,6,2,196,18.59,5
No,High,19.459114,72.157309,Citizen Report,173.69,11.07,86.25,19.95,68.41,64.25,1,0.707,13,12,177,11.68,3
Yes,Severe,30.240938,94.734476,NGO Report,329.17,2.95,81.78,26.02,48.42,43.45,0,0.456,12,15,106,46.57,1
No,Extreme,34.613173,84.105628,NGO Report,387.33,4.05,19.48,13.75,53.88,46.73,0,0.387,12,12,153,26.48,3
Yes,High,30.267191,69.398664,Local Authority,204.97,0.4,106.42,11.81,60.23,44.36,0,0.437,3,8,147,25.55,4
Yes,Low,14.809169,85.207582,Local Authority,399.18,1,16.62,10.36,90.03,34.51,1,0.679,17,11,155,1.93,5
No,High,22.881271,82.549441,Citizen Report,110.17,12.87,127.49,19.05,66.48,39.32,1,0.425,6,13,17,36.35,6
Yes,Moderate,16.865613,73.373481,NGO Report,110.27,4.11,23.6,14.57,32.45,56.68,0,0.484,12,5,89,27.22,8
No,Extreme,24.53359,85.286499,NGO Report,286.92,6.11,7.89,35.94,74.32,55.96,0,0.929,3,12,192,26.41,8
No,High,25.981692,90.76657,Satellite,221.92,8.79,118.36,17.65,48.72,47.44,0,0.735,11,3,181,23.7,1
Yes,Extreme,18.865456,80.064525,Citizen Report,69.7,12.2,131.11,37.24,42.04,69.63,1,0.303,14,10,195,23.13,10
No,Low,30.007329,85.8085,Satellite,116.37,14.01,96.2,18.22,35.54,91.69,1,0.156,8,7,50,6.08,5
No,Moderate,16.649428,92.255051,NGO Report,331.34,6.42,82.86,26.01,32.93,27.81,0,0.465,1,4,189,48.38,10
Yes,Low,19.837291,68.473727,IMD,154.19,12.14,32.56,13.81,64.52,89.02,0,0.486,17,8,173,45.38,3
No,High,19.461857,68.152028,Citizen Report,116.3,3.83,136.96,13.57,55.15,32.37,1,0.378,15,15,118,32.19,2
No,Severe,29.351871,88.708793,NGO Report,495.97,5.18,40.48,35.33,39.13,19.62,1,0.061,20,14,55,43.73,1
Yes,Low,19.267255,81.709321,IMD,59.96,12.13,103.91,23.04,85.41,75.23,0,0.261,4,8,74,28.64,9
No,High,10.488874,81.31889,Satellite,208.65,13.25,46.38,17.66,78.89,63.44,0,0.176,14,15,195,45.53,0
Yes,Low,35.959003,88.763006,Satellite,177.98,7.2,66.86,12.11,41.71,59.77,1,0.25,1,9,126,35.99,3
No,Moderate,18.195286,84.165457,Citizen Report,3.29,9.36,83.05,14.24,88.91,14.85,1,0.855,19,8,144,32.26,3
No,High,32.814906,93.455057,Citizen Report,258.56,2.16,116.23,40.54,35.43,92.57,0,0.884,8,15,107,9.53,5
No,Moderate,11.801228,74.771349,NGO Report,76.62,0.88,91.22,22.38,54.38,48.02,0,0.914,4,4,67,29.17,9
No,High,20.802917,73.502247,Local Authority,312.5,3.09,98.79,32.6,61.26,84.69,1,0.128,2,14,168,5.52,8
Yes,Severe,13.363373,96.854382,Citizen Report,400.21,5.87,13.75,25.09,91.97,42.46,1,0.493,15,5,64,23.69,5
Yes,Low,16.340081,68.810113,Local Authority,422.21,1.84,15.34,40,57.77,86.32,0,0.543,16,11,1,39.07,4
No,Extreme,11.013947,94.158129,Local Authority,349.94,8.84,68.98,36.27,79.55,95.89,0,0.768,16,1,157,2.94,4
No,Extreme,31.626073,79.038105,IMD,56.94,11.39,100.11,39.79,82.14,60.1,0,0.943,7,7,91,37.71,9
Yes,Extreme,28.514307,81.864763,NGO Report,367.87,12.96,46.5,32.59,85.23,18.01,0,0.824,0,1,144,18.33,2
No,Low,15.337934,89.103198,Local Authority,280.57,10.52,133.36,23.22,31.86,20.41,0,0.633,19,14,194,3.59,5
No,Moderate,11.062398,87.990355,Satellite,354.11,6.64,46.47,19.68,70.89,33.72,1,0.014,9,0,105,45.33,5
Yes,Moderate,9.726096,72.580993,IMD,165.5,8.05,64.98,16.56,83.33,70.41,1,0.051,10,1,61,12.33,8
No,Moderate,25.058325,96.922561,Local Authority,491.88,10.41,84.88,40.28,73.84,71.43,1,0.058,0,12,87,24.74,7
Yes,Moderate,36.356571,78.523761,Local Authority,306.23,13.7,89.76,14.26,88.81,85.87,0,0.117,14,3,102,44.59,5
No,Extreme,14.859929,69.068904,NGO Report,61.72,3.9,91.71,32.94,22.09,99.9,1,0.129,1,10,80,34.65,9
No,Severe,22.750823,74.420006,NGO Report,437.07,8.92,26.56,27.77,37.94,48.21,1,0.351,13,4,55,0.72,1
No,Moderate,16.340646,71.942556,NGO Report,350.04,8.34,143.99,14.59,92.95,36.99,1,0.654,18,11,72,2.72,1
No,High,15.809405,77.36813,IMD,394.43,7.93,59.56,29.43,99.6,66.3,1,0.005,19,5,82,11.07,6
Yes,Moderate,13.740745,81.163626,Citizen Report,465.83,13.13,77.86,12.47,38.26,83.02,0,0.634,3,7,197,39.93,1
Yes,Low,23.915771,89.296083,NGO Report,496.3,14.19,122.53,15.68,47.45,21.31,0,0.115,15,6,13,37.13,0
No,Low,16.951262,77.380343,NGO Report,492.49,0.26,136.96,26.97,81.3,11.59,1,0.76,15,3,21,1.7,3
No,Extreme,27.04417,84.816162,IMD,316.77,7.1,147.59,11.81,84.91,18.6,1,0.7,10,13,129,11.62,7
Yes,Moderate,21.775187,71.677187,Citizen Report,183.11,14.77,28.86,23.2,28.93,65.27,0,0.216,6,7,167,25.01,0
Yes,Extreme,23.917862,95.045565,Satellite,130.46,12.3,103.22,32.52,67.74,74.96,1,0.585,8,15,52,37.73,6
Yes,High,23.249295,92.765211,Citizen Report,8.79,13.2,70.43,32.83,65.91,47.8,1,0.272,15,15,103,20.48,6
No,High,25.566795,81.503942,NGO Report,371.41,13.46,52.53,41.81,37.04,68.22,0,0.28,3,9,177,1.35,7
No,Moderate,29.335039,81.994797,NGO Report,270.99,5.12,146.93,22.63,86.6,88.2,0,0.223,0,13,19,6.85,5
No,High,28.942994,95.805686,Local Authority,143.42,1.78,124.96,29.89,23.18,92.64,0,0.337,7,10,125,14.15,5
No,Low,36.732848,74.637224,Local Authority,408.2,2.38,12.37,25.49,27.39,64.93,0,0.994,10,15,195,31.69,2
No,Severe,11.102538,94.776592,Satellite,154.34,6.01,5.38,11.64,29.24,80.82,0,0.755,3,1,8,25.76,10
No,Extreme,10.577333,74.827897,Citizen Report,143.04,2.03,142.01,23.48,60.75,16.4,1,0.442,19,5,171,38.37,6
No,Severe,33.22058,76.448621,Local Authority,132.72,0.32,54.75,22.24,36.53,78.2,1,0.358,9,2,163,33.33,7
No,High,25.551319,73.719835,NGO Report,248.74,9.56,111.57,10.59,26.68,41.55,0,0.415,0,5,2,45.16,10
No,High,16.19151,89.862779,Citizen Report,4.79,8.56,49.2,27.53,35.93,37.44,1,0.246,12,8,76,28.72,0
Yes,Extreme,11.088451,70.767922,Local Authority,189.78,13.84,84.47,41.17,46.98,35.69,0,0.455,16,6,53,49.9,8
No,High,27.714576,72.991448,Local Authority,414.04,13.44,50.84,43.25,84.02,83.52,1,0.124,3,14,189,23.28,6
No,Severe,15.992845,82.867467,Satellite,242.54,10.62,142.11,24.61,41.62,21.69,1,0.475,14,3,40,4.08,4
Yes,Extreme,9.811388,80.908393,IMD,49.56,11.62,10.94,22.59,90.17,66.84,0,0.297,11,7,122,19.28,0
Yes,High,13.938198,78.386645,Satellite,314.17,9.84,132.98,40.94,29.88,59.41,1,0.4,8,3,185,15.25,2
Yes,Severe,13.032608,89.458624,IMD,426.63,12.44,93.05,25.28,96.14,82.5,1,0.959,17,8,134,38.38,2
Yes,Extreme,28.3738,76.448425,Local Authority,250.3,10.26,53.36,44.78,43.88,91.31,1,0.686,14,6,144,0.55,8
Yes,Extreme,12.326867,91.484406,IMD,404.02,4.26,61.09,27.17,38.8,76.27,0,0.343,5,2,70,14.26,1
Yes,Severe,30.806976,73.880747,Local Authority,303.77,1.21,106.17,27.5,86.41,26.21,0,0.762,18,3,48,26.43,6
Yes,Severe,14.562667,68.227676,Local Authority,227.33,11.99,106.39,32.67,75.71,51.28,0,0.105,3,1,175,16.95,4
Yes,High,24.874196,95.216019,Satellite,399.21,11.34,109.03,15.65,45.92,69.9,0,0.737,16,11,13,39.31,1
No,Extreme,30.417367,73.111174,NGO Report,86.64,0.83,101.89,22.36,96.07,77.55,1,0.277,20,9,77,28.92,3
Yes,Moderate,19.366968,75.498137,Satellite,130.43,1.56,118.04,42.24,44.8,53.81,0,0.396,13,13,136,27.89,5
Yes,Extreme,28.899531,72.575454,NGO Report,145.98,0.38,87.97,14.9,98.85,82.14,0,0.541,2,11,190,7.37,4
No,High,27.182961,76.967904,NGO Report,211.01,5.91,83.36,30.21,93.35,97.56,0,0.006,0,10,91,30.31,0
Yes,High,22.121051,88.033962,IMD,290.84,8.68,92.55,15.69,61.53,36.11,0,0.158,4,0,108,33.71,0
Yes,Severe,34.017863,68.009037,NGO Report,222.68,1.01,0.8,11.76,25.26,12.42,1,0.799,19,5,51,3.43,10
No,Moderate,32.253613,90.456199,Satellite,363.24,9.85,0.01,29.74,68.64,85.39,1,0.592,11,4,37,21.09,9
No,High,13.357353,79.684102,Citizen Report,392.23,8.73,33.03,11.27,86.29,90.82,0,0.825,19,11,169,48.04,1
Yes,High,34.204302,73.331357,NGO Report,203.79,12.81,90.24,14.32,30.68,27.11,0,0.69,2,7,100,48.25,9
Yes,Extreme,24.058235,96.122639,NGO Report,10.44,14.15,82.1,11.8,88.37,10.14,1,0.427,18,14,127,29.56,1
No,High,18.515505,75.183952,NGO Report,78.48,1.48,100.87,36.84,72.81,66.5,1,0.759,19,4,41,27.43,2
No,Extreme,22.10402,83.947662,Satellite,375.18,6.18,96.77,30.66,65.5,99.63,0,0.634,1,4,139,7.09,9
No,Extreme,20.988174,76.034016,Satellite,54.96,1.37,103.63,13.04,56.2,11.94,1,0.666,17,8,135,29.34,9
No,Moderate,14.675282,91.039511,Local Authority,489.5,8.12,66.08,20.97,23.1,92.21,0,0.854,18,2,122,2.42,7
No,Moderate,17.950015,68.138112,NGO Report,206.08,6.82,59.85,24.13,65.59,58.93,1,0.036,13,15,172,15.25,7
Yes,Severe,11.456913,80.033695,IMD,85.87,1.1,145.64,37,49.21,42.67,1,0.129,11,4,120,1.87,4
No,Moderate,31.131288,68.828708,Citizen Report,47.47,0.11,9.97,23.36,38.75,85.89,1,0.414,16,8,0,12.12,5
Yes,Extreme,9.821415,71.322084,Local Authority,15.56,4.57,4.73,11.62,46.52,64.82,0,0.612,13,11,98,16.57,6
No,Severe,24.16106,92.277912,Citizen Report,253.72,13.61,30.28,37.64,28.13,72.13,1,0.315,8,4,88,22.61,3
Yes,Extreme,11.510067,83.278303,NGO Report,212.35,7.95,7,39.88,96.79,13.61,0,0.034,18,9,113,27.96,1
Yes,Low,21.506782,96.214319,Citizen Report,328.29,7.89,137.69,15.2,76.07,84.35,0,0.97,3,15,177,25.26,4
Yes,High,16.110708,74.852783,NGO Report,154.32,11.26,148.05,23.29,31.37,34.47,0,0.297,11,10,34,48.08,0
Yes,Moderate,21.932628,95.872559,IMD,477.65,2.36,66.94,17.78,62.94,39.79,0,0.446,7,3,200,7.75,8
Yes,Extreme,19.146184,79.852422,Citizen Report,311.25,4.17,2.73,10.21,94.54,52.07,0,0.571,15,12,7,23.83,0
No,Moderate,29.091042,90.475902,Citizen Report,35.64,7.01,115.56,19.68,26.66,56.31,1,0.305,12,8,131,17.09,2
Yes,Moderate,14.244453,71.823308,Satellite,430.33,7.17,51,41.85,68.61,80.58,0,0.891,6,3,139,25.85,4
No,Extreme,35.498838,93.63658,Local Authority,174.42,14.68,96.09,23.39,21,57.58,0,0.401,10,15,124,48.21,4
No,High,13.501126,93.283641,Satellite,215.93,1.73,125,35.93,73.65,60.47,1,0.214,16,10,163,3.08,8
No,Low,10.944439,85.592601,NGO Report,318.67,0.43,61.79,40.67,34.01,66.23,1,0.847,10,10,167,13.35,2
No,High,12.538527,74.215108,Citizen Report,240.44,5.32,105.66,16.24,52.52,22,0,0.858,20,14,147,26.36,4
No,High,22.780437,80.491973,Satellite,465.57,6.11,128.67,12.57,65.56,21.74,0,0.712,19,10,178,45.81,5
Yes,Low,11.204302,77.039849,NGO Report,360.27,5.93,82.8,27.45,63.3,15.1,1,0.836,16,4,144,46.17,0
No,Severe,17.658394,88.039074,Local Authority,328.84,12.63,6.59,24.77,45.48,13.31,1,0.823,0,6,198,21.58,2
No,Extreme,31.896724,79.808053,Local Authority,221.26,4.79,89.06,44.86,55.09,39.28,1,0.87,0,1,110,29.72,10
No,Moderate,14.686965,85.411266,Satellite,37.36,4.28,81.8,26.44,34.51,27.71,1,0.214,2,5,124,3,4
No,Extreme,34.392879,96.554477,Satellite,222.97,0.6,77.37,42.9,43.88,33.54,0,0.381,14,15,136,41.69,1
No,High,32.738776,83.30386,Citizen Report,156.49,6.19,63.69,22.37,85.23,19.73,1,0.883,18,11,120,3.47,7
No,Low,32.804625,94.89356,Citizen Report,298.09,11.72,68.43,20.28,85.11,39.34,1,0.61,19,8,16,35.63,10
Yes,Low,26.94957,92.042751,NGO Report,47.49,12.26,137.17,16.22,74.2,62.01,1,0.26,4,8,15,44.15,2
No,Low,32.40205,74.665125,IMD,206.86,7.59,58.82,23.11,98.29,60.46,1,0.823,3,7,88,40.26,4
No,Low,22.014072,70.794897,Satellite,141.37,1.13,129.36,37.57,48.56,83.68,0,0.321,7,9,119,48.56,0
Yes,High,10.87006,78.855889,Citizen Report,496.86,2.86,35.13,30.44,46.82,57.39,1,0.224,4,10,110,27.35,6
No,Moderate,25.062432,78.608963,Citizen Report,460.97,2.41,131.62,16.84,61.2,69.78,1,0.783,8,14,118,2.22,4
No,Severe,30.579193,81.090455,IMD,264.06,3.34,40.96,36.21,46.62,39.66,1,0.497,16,10,176,32.89,3
No,Moderate,26.570982,87.641807,Citizen Report,177.89,9.77,66.6,20.16,79.78,52.89,1,0.209,15,10,187,43.67,3
No,High,23.303896,82.972146,IMD,421.21,11.99,133.65,35.79,23.87,85.58,1,0.685,17,3,21,24.16,3
No,Extreme,10.537291,80.063664,IMD,132.49,12.97,42.13,11.18,74.72,95.22,0,0.233,20,11,22,7.56,8
Yes,High,13.243578,84.851662,Satellite,21.43,11.06,126.25,16.41,21.89,22.6,1,0.519,13,1,49,10.17,2
Yes,Severe,8.620481,78.364597,Satellite,319.01,1.19,38.9,33.27,93.18,92.25,0,0.316,2,8,177,28.39,3
Yes,High,30.111829,84.443746,Citizen Report,297.97,5.51,115.6,43.17,91.37,93.23,0,0.258,2,15,181,2.81,5
Yes,Low,8.414178,85.965747,NGO Report,265.32,13.89,89.1,40.42,79.71,77.4,0,0.828,4,10,183,34.79,7
Yes,Extreme,29.915859,85.506954,Citizen Report,143.14,8.76,136.36,19.67,35.35,60.01,0,0.323,9,13,26,5.92,9
No,High,24.345131,95.209807,Citizen Report,382.1,8.64,115.57,44.6,65.21,16.11,0,0.388,13,14,46,2.5,0
No,Low,10.453534,68.326711,Satellite,311.05,14.78,88.97,43.91,24.45,21.41,0,0.65,13,10,103,13.92,4
Yes,Extreme,22.943695,85.112949,IMD,450.55,11.81,73.14,27.92,77.3,26.98,0,0.651,6,6,102,42.12,8
Yes,Severe,16.819195,95.29229,Citizen Report,409.2,5.02,61.26,17.43,82.24,33.56,1,0.081,1,14,36,38.86,7
No,Severe,16.951442,83.248621,IMD,335.48,3.42,31.53,38.61,79.65,49.86,1,0.032,14,6,149,8.65,8
No,Moderate,24.097532,77.345819,Citizen Report,483.24,5.58,92.34,18.8,68.76,59.21,1,0.971,6,15,39,46.18,1
No,Extreme,11.948015,72.913106,Satellite,321.68,7.21,45.48,40.39,69.01,36.52,0,0.494,8,14,124,24.07,3
No,Severe,20.281306,89.74794,Satellite,1.02,13.84,60.2,40.44,86.23,70.93,1,0.553,14,6,130,35.89,10
No,Moderate,31.207036,94.979773,Satellite,107.8,9.26,43.77,34.7,27.54,89.05,1,0.787,15,11,66,11.36,0
No,Low,10.00588,77.327185,IMD,218.79,0.41,126.84,19.79,33.66,67.88,0,0.878,11,14,96,39.84,2
Yes,High,15.590184,73.903815,IMD,447.07,14.99,112.22,42.51,36.86,63.94,0,0.858,19,12,34,33.96,2
No,Severe,23.610554,76.206071,NGO Report,131.75,12.8,62.59,38.13,48.88,59.98,1,0.465,0,4,153,23.14,9
Yes,Low,26.278295,89.60104,Satellite,281.54,10.48,11.03,43.23,92.84,75.4,0,0.496,14,4,19,9.34,9
Yes,Extreme,34.814337,96.88195,IMD,225.36,1.77,25.67,24.12,89.73,60.13,1,0.544,2,12,75,1.58,8
Yes,Low,9.074784,94.467829,Local Authority,361.02,4.11,100.87,35.27,60.24,74.52,1,0.052,0,2,6,18.58,10
No,Low,10.318183,90.904759,Satellite,434.23,5.53,72.09,38.06,45.98,73.41,1,0.016,5,8,69,20.46,1
No,Moderate,29.193226,82.258534,Local Authority,469.91,13.62,132.08,10.37,53.02,80.92,1,0.693,14,11,153,8.09,9
Yes,Severe,30.380284,92.216305,Local Authority,396.74,10.64,85.81,25.98,62.12,87.46,0,0.616,19,14,5,37.98,10
No,Extreme,10.18051,79.262467,Local Authority,407.94,4.98,139.29,44.46,35.75,95.8,1,0.374,1,3,72,5.13,7
No,High,28.107888,87.516401,IMD,191.27,7.19,9.02,28.93,66.58,76.36,1,0.921,11,4,104,5.4,0
Yes,High,31.801193,80.016862,Satellite,462.09,10.29,112.82,20.56,31.44,36.73,0,0.335,18,2,169,26.52,7
No,High,10.432634,85.514045,Local Authority,424.47,11.15,8.45,12.04,47.49,34.92,1,0.569,6,4,42,36.01,4
No,Low,27.108175,71.133086,IMD,453.76,0.44,103.39,27.79,48.06,17.66,1,0.092,0,2,165,18.81,9
No,High,24.02793,85.277105,Satellite,85.76,10.78,11.06,30.11,38.87,79.88,0,0.056,19,3,110,32.66,4
Yes,Low,13.921046,94.088807,Citizen Report,17.6,12.87,63.45,11.81,20.23,35.96,1,0.256,9,14,176,5.1,4
No,Severe,8.433072,68.145328,NGO Report,26.59,9.22,104.55,37.44,93.8,80.5,0,0.051,4,12,28,42.13,1
No,Severe,16.152104,69.227664,Citizen Report,239.97,14.11,137.64,17.97,58.83,24.5,1,0.968,8,4,136,29.31,5
Yes,Low,35.318265,81.452886,IMD,387.93,1.96,122.38,40.31,50.97,18.81,0,0.66,10,6,83,26.86,3
No,Extreme,12.64885,69.994094,NGO Report,194.07,12.91,133.53,34.18,34.62,63.18,0,0.427,5,4,11,29.11,5
Yes,High,34.890682,84.928666,Local Authority,471.5,9.44,95.19,23.65,94.64,11.73,0,0.66,7,4,117,10.33,10
No,Severe,24.477722,68.419298,Satellite,267.02,6.21,49.37,43.61,72.31,16.02,1,0.208,4,13,94,49.01,7
No,Moderate,21.964776,79.163855,Citizen Report,108.99,8.06,73.58,28.76,43.12,20.51,0,0.453,11,8,63,26.24,10
Yes,Low,13.794171,69.612744,Local Authority,448.82,12.14,78.1,23.8,73.1,35.13,0,0.742,9,10,52,18.04,3
No,Low,8.150453,89.349328,NGO Report,329.94,10.35,104.47,29.76,62.42,29.56,0,0.583,14,6,108,22.97,2
Yes,Extreme,15.855053,89.761455,IMD,92.35,1.49,3.06,43.5,39.78,33.44,0,0.897,17,11,108,10.6,6
No,Severe,23.32638,68.456536,Citizen Report,161.34,12.79,1.82,26.95,39.82,13.03,0,0.029,15,2,67,24.56,4
Yes,Extreme,28.67571,70.305571,Satellite,407.08,6.84,124.43,44.58,32.95,25.07,0,0.674,8,0,56,22.37,9
No,Severe,17.062278,83.404833,NGO Report,226.16,6.26,79.78,10.5,28.33,62.08,1,0.96,3,12,68,1.52,2
No,Low,11.570985,79.760089,Citizen Report,102.57,2.13,85.45,16.77,50.37,23.96,0,0.901,8,4,173,3.28,10
Yes,Extreme,28.637156,77.475104,Local Authority,462.37,11.1,59.47,14.67,28.91,98.06,1,0.62,15,1,14,18.51,4
No,Severe,27.305424,77.532108,Local Authority,413.88,1.9,68.79,23.54,47.58,71.33,1,0.981,17,15,32,3.96,6
No,Low,25.654346,72.164787,Satellite,97.6,11.57,27.46,29.93,67.32,24.26,0,0.688,2,6,160,12.03,10
Yes,Low,21.694792,76.977108,IMD,235.73,14.41,53.32,33.41,22.49,61.6,0,0.289,2,8,169,25.27,8
Yes,Moderate,14.334311,82.235558,Citizen Report,150.08,10.21,10.56,32.09,51.57,32.56,0,0.333,17,13,98,48.79,10
No,Extreme,15.041922,84.345252,Local Authority,413.07,5.39,4.63,16.01,97.2,29.68,0,0.629,5,6,142,45.82,8
Yes,Low,27.244581,84.615231,NGO Report,226.43,4.97,16.79,32.77,55.03,12.93,1,0.149,18,12,59,12.43,0
No,Moderate,19.180347,71.839757,Satellite,397.31,3.61,72.36,44.59,76.66,29.44,0,0.809,3,8,101,42.03,2
No,Moderate,32.087856,81.652854,IMD,129.96,10.38,89.03,22.46,93.18,97.83,1,0.577,4,0,62,4.07,1
Yes,Low,21.748266,96.784262,Satellite,175.05,8.18,78.34,17.4,96.44,19.09,0,0.095,14,5,161,34.01,9
No,Severe,17.583166,84.320516,Citizen Report,332.94,1.49,89.83,21.77,71.36,61.47,0,0.965,13,8,175,15.65,4
No,Low,24.893809,77.134502,IMD,18.63,7.13,49.88,36.1,87.67,66.72,0,0.329,3,15,11,45.43,5
Yes,Extreme,25.319507,72.534767,Citizen Report,252.58,11.26,1.58,39.69,29.68,75.3,0,0.229,1,4,34,34.71,8
Yes,Severe,12.914733,81.928497,Citizen Report,414.9,14.04,7.22,26.69,71.62,78.65,0,0.388,17,2,156,48.35,6
No,Low,17.047545,90.188138,Citizen Report,194.75,9.12,40.45,26.45,49.64,74.39,0,0.515,4,7,187,28.5,3
Yes,Severe,30.699079,85.844007,Satellite,105.69,10.73,83.2,12,67.46,83.75,0,0.264,20,12,198,29.74,3
Yes,Moderate,35.23496,95.014024,Satellite,166.78,11.23,22.7,35.27,52.11,19.44,1,0.953,4,14,164,28.76,1
Yes,Extreme,19.163335,88.465675,IMD,82.1,1.21,52.05,40.47,93.36,83.55,1,0.583,8,6,106,25.96,7
Yes,Extreme,13.911886,82.390235,IMD,198.24,6.02,114.93,23.29,84.74,34.82,0,0.972,14,15,176,29.54,2
No,Extreme,14.117392,92.762449,NGO Report,254.85,9.42,25.08,25.35,58.76,28.24,1,0.84,12,2,78,31.92,9
Yes,Low,27.606527,77.183516,Satellite,325.53,2.95,25.6,24.96,63.79,21.41,0,0.314,17,9,161,10.13,10
Yes,Extreme,36.527059,91.466288,NGO Report,46.3,1.38,77.29,16.56,96.73,69.02,1,0.563,3,12,142,4.25,8
Yes,High,35.958713,72.041015,Citizen Report,428.94,14.82,142.93,25.18,80.47,23.93,0,0.548,13,13,30,17.58,3
Yes,High,25.073978,88.992032,Local Authority,91.57,9.6,91.5,36.31,37.5,49.8,0,0.703,10,1,65,4.03,3
No,Low,14.379503,84.266713,NGO Report,339.5,5.86,133.1,12.66,50.91,49.66,1,0.193,15,1,124,36.52,10
No,Low,31.71592,68.164873,NGO Report,229.17,6.67,20.26,20.88,67.29,17.6,1,0.361,11,2,104,34.48,5
Yes,Extreme,20.887169,92.654715,Citizen Report,195.91,11.81,148.15,30.03,34.99,17.95,0,0.656,11,5,138,42.61,10
No,Moderate,34.290202,74.09152,IMD,284.95,5.81,4.99,37.42,74.85,30.49,0,0.685,9,13,41,39.93,3
Yes,Severe,10.803329,73.118591,Citizen Report,305.77,2.97,66.05,30.52,95.16,85.6,1,0.385,8,2,36,46.17,4
No,Low,27.685326,84.240191,Citizen Report,88.54,10.54,94.8,29.29,31.06,62.04,0,0.526,15,1,74,37.07,4
No,Severe,21.117614,88.617606,Citizen Report,271.89,5.01,33.16,32.15,95.55,88.15,0,0.161,19,0,25,20.94,5
No,Moderate,8.892845,84.701637,Local Authority,91.03,13.99,33.7,23.97,41.5,78.88,1,0.402,0,11,82,44.38,6
No,Severe,31.567525,83.897896,Citizen Report,56.16,3.02,39.2,18.14,44.9,40.83,0,0.279,10,13,26,9.65,8
Yes,Moderate,20.641365,71.192883,Satellite,288.72,10.84,60.69,11.78,92.42,80.87,0,0.495,15,2,75,35.42,9
No,Severe,15.32783,73.48864,Citizen Report,232.9,5.81,126.58,11.02,72.22,59.45,1,0.782,9,4,192,23.49,9
No,Extreme,26.333698,77.32216,Satellite,336.13,4.32,127.95,33.09,30.84,47.47,1,0.818,8,10,125,32.15,4
Yes,Extreme,23.330973,73.617682,NGO Report,255.69,0.69,35.02,35.25,20.69,48.85,0,0.531,18,3,164,31.72,7
No,Moderate,13.519655,83.60301,IMD,145.81,8.21,66.19,29.73,65.4,90.31,1,0.523,15,15,20,9.93,6
Yes,Moderate,13.591407,79.04489,IMD,366.92,11.9,136.52,29.6,84.35,56.45,1,0.951,3,7,118,45.68,8
No,High,31.872343,84.813429,Citizen Report,497.76,6.27,112.94,38.17,35.09,18.57,0,0.298,5,9,78,30.04,3
Yes,High,23.21109,78.53271,Local Authority,222.26,6.2,119.07,33.53,22.8,56.74,1,0.867,7,3,188,12.08,1
No,Extreme,35.236517,95.273004,IMD,40.66,1.35,143.59,37.95,92.6,60.66,1,0.239,10,1,75,37,9
Yes,Severe,33.657522,80.120346,Local Authority,330.65,1.6,14.84,34.27,50.74,52.33,1,0.019,8,9,99,19.05,10
No,Moderate,21.184077,81.866069,NGO Report,273.79,12.8,110.2,18.16,56.78,26.44,1,0.23,16,11,31,42.52,4
No,Low,34.541684,90.51757,Satellite,286.87,6.37,123.7,28.65,87.63,59.73,1,0.858,13,15,145,4.19,0
No,Severe,32.519582,85.719051,Satellite,326.11,2.83,149.16,44.96,40.91,45.15,0,0.564,11,12,161,30.81,5
No,Severe,12.069501,74.037486,NGO Report,406.26,9.54,15.02,37.56,81.19,59.81,1,0.404,11,0,83,26,8
Yes,Extreme,19.913778,69.250077,Local Authority,134.81,9.02,143.01,13.49,48.23,62.65,0,0.079,17,8,107,28.49,5
No,Extreme,24.455778,68.262828,Citizen Report,4.4,12.45,136.65,20.65,21.83,80.63,0,0.69,2,15,148,19.89,1
Yes,Severe,32.145969,80.126003,Citizen Report,148.16,5.18,66.28,12.2,42.11,50.57,1,0.385,5,7,119,15.88,10
Yes,Low,9.525769,76.395974,Citizen Report,188.45,2.69,89.12,16.42,66.1,61.29,0,0.575,11,15,30,21.91,5
No,Severe,28.056975,77.249719,NGO Report,87.9,0.89,146.23,28.93,78.96,25.86,1,0.046,5,5,80,27.42,4
No,Low,14.824072,78.701162,IMD,490.39,6.71,44.85,28.86,98.44,34.46,1,0.053,6,9,141,14.55,9
No,Extreme,22.269964,96.068237,Local Authority,493.95,9.58,35.71,10.42,79.05,80.41,1,0.501,0,15,89,35.66,8
Yes,Moderate,34.039721,82.819647,Citizen Report,492.12,0.33,38.08,18.78,94.88,86.78,0,0.938,19,3,45,21.29,1
No,High,36.526948,78.072082,Citizen Report,456.43,8.42,8.41,16.78,31.28,38.46,1,0.698,1,13,108,10.25,3
No,Moderate,25.396668,87.704911,Citizen Report,427.49,11.12,29.72,34.22,97.1,83.79,0,0.677,5,7,167,10.99,10
Yes,Extreme,34.068075,72.230429,Satellite,210.59,10.79,53.1,10.17,99.2,47.99,0,0.264,4,12,109,23.64,9
No,Low,21.707128,72.673726,Citizen Report,121.76,13.01,131.96,28.06,96.92,43.08,0,0.841,12,8,55,23.66,1
Yes,Low,35.637771,90.06197,NGO Report,184.75,14.2,133.47,34.31,90.25,34.98,1,0.388,11,1,188,8.68,7
Yes,Moderate,36.255993,88.842013,Citizen Report,182.15,8.43,19.73,21.13,79.01,70.87,1,0.959,16,7,70,40.41,7
No,Low,17.890623,91.341349,Citizen Report,1.84,12.18,42.67,24.33,69.13,75.18,0,0.963,13,6,33,3.52,4
No,Low,25.755162,73.045196,Citizen Report,394.59,10.29,27.92,23.07,55.34,22.51,0,0.732,4,5,54,19.67,6
No,Moderate,11.264971,88.255335,NGO Report,335.1,10.74,98.13,35.9,64.3,14.1,1,0.001,13,0,51,10.84,3
No,High,17.670785,85.014629,Citizen Report,257.71,6.92,9.12,20.08,38.36,19.6,0,0.573,3,5,171,28.89,10
Yes,Low,34.687279,77.963188,Local Authority,378.28,3.71,64.44,43.84,28.62,50.72,0,0.74,5,11,158,35.25,9
No,Severe,24.907619,84.975752,NGO Report,116.68,5.36,148.63,32.26,78.33,49.22,1,0.118,9,0,125,26.6,5
Yes,Moderate,17.970796,75.407329,Citizen Report,346.8,0.16,89.88,19.16,88.92,66.97,0,0.713,2,0,140,2.32,1
No,High,10.765884,90.262073,Citizen Report,309.43,4.42,24.36,32.9,44.58,54.62,0,0.244,4,5,47,36.09,3
Yes,High,20.778584,90.405048,NGO Report,80.74,14.65,43.17,35.49,98.47,12.5,1,0.013,5,14,133,1.16,1
Yes,Moderate,35.83841,74.766187,Citizen Report,242.66,10.87,34.75,11.49,85.06,64.49,1,0.064,20,1,193,39.29,6
No,Moderate,18.66206,79.007676,IMD,42.86,5.69,96.34,23.98,73.54,32.21,1,0.148,11,0,134,27.4,10
No,High,29.43035,86.261887,IMD,365.74,7.6,145.19,35.66,84.77,96.33,0,0.229,6,4,160,2.72,2
Yes,Extreme,32.291746,86.091067,Satellite,437.49,7.54,38.13,24.92,32.98,12.52,0,0.04,0,4,179,12.37,10
No,Low,8.3626,88.343272,IMD,456.37,9.21,99.83,36.62,32.75,47.57,1,0.536,18,2,70,24.43,8
No,Severe,16.83246,78.868119,Local Authority,151.22,11.68,51.01,42.6,74.76,62.82,0,0.249,16,4,137,48.65,10
No,Moderate,26.019968,96.320081,Satellite,383.43,0.8,35.69,28.52,47.66,60.51,1,0.204,10,9,124,38.89,9
No,High,24.314593,88.155981,IMD,445.09,9.8,48.42,13.21,86.49,35.54,1,0.051,5,9,152,13.01,6
Yes,Severe,18.909467,87.922958,Local Authority,267.23,6.54,92.39,30.94,57.92,92.58,0,0.177,7,1,52,19.11,3
No,Severe,30.899352,95.918698,Satellite,415.8,12.72,117.07,37.74,54.87,13.79,1,0.488,11,14,149,43.61,0
Yes,Moderate,31.830705,68.477242,Local Authority,436.34,8.91,15.77,21.1,51.42,55.97,0,0.336,6,11,46,7.46,5
No,Moderate,12.377454,89.99513,Local Authority,216.96,5.26,22.85,31.6,38.22,84.71,1,0.907,5,7,185,29.36,8
No,Severe,9.706742,82.291026,IMD,63.76,5.42,40.32,25.35,69.04,93.77,1,0.65,14,1,27,5.4,6
Yes,Low,13.114149,75.847602,IMD,366.03,2.39,73.85,23.99,91.62,76.79,1,0.912,17,15,85,42.33,4
Yes,High,12.633279,73.793964,Local Authority,376.87,7.49,86.19,14.18,49.1,55.04,0,0.635,15,0,95,2.02,5
No,High,16.227681,75.54129,Citizen Report,425.77,2.25,24.42,13.22,72.13,12.13,0,0.978,17,9,27,16.36,10
No,Low,21.946321,83.82322,IMD,263.27,7.6,142.11,27.15,25.52,71.11,0,0.562,4,4,113,47.68,3
Yes,High,16.735288,88.132471,Satellite,318.26,6.47,28.8,30.56,74.81,10.66,1,0.686,13,3,45,32.64,7
No,Low,36.324537,72.131199,IMD,243.35,6.29,23.4,19.28,45.54,80.12,0,0.866,0,11,109,39.3,5
No,Moderate,33.919762,94.891911,Satellite,138.46,3.92,96.13,25.73,77.33,16.43,1,0.968,12,8,96,25.42,1
No,Moderate,24.477491,79.967251,Satellite,441.36,7.08,111.9,21.21,67.48,34.6,0,0.39,20,1,114,45.57,6
Yes,Low,25.218849,87.262483,Local Authority,45.24,1.46,2.82,36.54,38.3,55.58,1,0.925,1,11,5,33.79,10
No,Moderate,35.573452,91.993856,IMD,161.4,4.44,127.28,15.84,44.37,42.67,0,0.678,17,1,7,12.34,6
Yes,Extreme,9.543955,83.129433,Citizen Report,122.61,14.3,129.11,14.8,40.62,27.6,1,0.387,20,8,106,31.61,4
Yes,Extreme,33.88088,74.371235,Satellite,11.44,0.06,45.91,44.54,42.65,38.14,0,0.764,16,4,198,6.63,0
Yes,High,18.300137,92.916786,Citizen Report,140.23,13.59,24.33,16.5,53.36,11.73,0,0.382,12,0,110,2.44,1
No,Low,15.948814,96.416098,IMD,191.65,12.57,107.92,19.92,57.18,65.15,1,0.278,3,10,58,45.39,7
No,Extreme,18.574413,88.575483,IMD,197.91,11.85,31.06,38.96,97.53,70.19,0,0.947,7,3,13,3.27,1
No,Extreme,31.136638,75.590291,Satellite,299.78,9.41,67.53,24.11,85.17,19.94,0,0.482,15,0,35,3.31,9
Yes,Moderate,20.144268,87.290094,Citizen Report,160.24,3.81,92.16,38.75,35.57,96.05,1,0.178,9,7,130,48.27,10
No,Extreme,19.860844,78.196831,NGO Report,23.68,6.88,130.47,29.87,31.62,25.52,0,0.256,10,4,104,14.68,4
Yes,High,20.968943,85.234539,Local Authority,486.04,6.19,88.69,17.28,27.06,20.26,0,0.047,13,6,58,15.41,5
Yes,Extreme,23.891601,83.210874,Satellite,72.29,7.54,90.51,43.53,49.88,84.54,1,0.189,11,0,82,17.24,4
Yes,High,30.8665,87.323366,NGO Report,306.91,4.93,36.18,20.95,91.11,10.47,0,0.077,13,5,99,29.01,0
No,Severe,26.402907,80.979777,NGO Report,296.54,13.95,32.57,25.51,95.8,66.76,0,0.967,4,8,185,29.94,5
No,Extreme,15.412461,88.9012,Citizen Report,356.97,11.11,36.03,25.84,75.33,58.35,0,0.801,20,11,58,27.17,4
No,Extreme,16.131108,70.565958,IMD,41.57,4.76,97.51,17.3,40.89,41.15,0,0.498,16,12,140,20.94,1
Yes,Extreme,21.138656,93.280407,NGO Report,415.74,8.19,18.47,41.21,79.61,94.46,1,0.274,16,7,91,22.11,3
Yes,High,24.418057,95.561437,NGO Report,258.57,10.13,23.77,30.3,45.26,12.32,0,0.675,15,6,198,22.23,0
Yes,Moderate,12.89693,81.45429,IMD,141.37,4.89,144.02,44.44,50.78,93.67,0,0.465,16,9,178,9.44,0
Yes,Moderate,14.969984,92.849501,IMD,101.97,11.4,86.93,14.08,52.08,23.73,0,0.121,2,12,162,9.21,8
No,Extreme,18.342159,77.149555,NGO Report,221.46,8.71,34.21,15.77,73.33,78.98,0,0.677,11,3,198,15.6,10
Yes,Extreme,26.362749,79.68261,IMD,200.31,13.95,64.57,20.53,60.74,44.55,1,0.902,1,3,177,34.79,10
Yes,Low,16.974266,76.668779,IMD,480.33,13,140.14,42.97,23.39,58.86,0,0.335,9,10,7,31.84,2
No,Severe,14.830125,90.430014,NGO Report,121.62,9.88,128.25,15.94,50.29,44.08,0,0.651,6,14,68,9.88,10
No,Severe,36.417108,93.07163,Satellite,399.98,12.16,66.62,23.34,86.07,98.23,0,0.551,9,2,54,9.01,8
No,High,36.357265,78.27509,Citizen Report,104.36,0.94,114.95,11.3,79.93,52.64,0,0.442,1,9,11,33.48,3
Yes,Extreme,20.16534,83.361669,Citizen Report,184.93,11.28,141.04,22.91,45.29,62.49,1,0.911,4,5,71,16.43,2
Yes,Moderate,22.522753,72.940667,IMD,133.93,0.66,72.31,25.33,39.44,87.88,0,0.958,5,9,176,4.93,2
No,High,29.890066,95.283469,Citizen Report,243.81,1.14,76.96,39.45,22.43,73.23,0,0.567,2,1,16,23.11,4
No,Low,34.150557,83.425476,Satellite,121.73,8.5,18,24.45,61.42,23.72,1,0.151,5,13,163,13.38,0
Yes,Moderate,22.530758,76.275049,Local Authority,302.33,2.87,85.38,27.9,27.91,10.94,1,0.065,5,6,51,6.64,8
No,Moderate,29.194561,90.890477,IMD,123.37,9.33,72.85,10.19,30.52,82.65,0,0.696,2,3,93,35.48,2
No,Severe,9.565828,92.741572,Local Authority,352.21,7.09,110.75,15.69,32.55,44.7,1,0.217,0,13,68,30.17,8
Yes,Moderate,13.875747,82.766455,Citizen Report,332.03,4.28,55.73,16.63,47.17,41.21,0,0.668,1,15,32,35.57,2
Yes,Moderate,30.216291,73.648042,Local Authority,93.21,0.96,3.36,43.91,80.58,87.98,0,0.716,14,9,29,48.36,2
No,Severe,31.887451,92.990282,NGO Report,142.71,7.33,81.66,43.71,51.17,40.74,0,0.72,5,9,117,2.75,0
No,Severe,23.75647,92.092021,IMD,273.6,13.43,62.93,15.38,63.27,41.38,0,0.72,16,2,33,1.32,8
No,Low,16.97541,75.417617,NGO Report,478.86,10.21,75.61,42.51,85.33,42.23,0,0.801,6,0,23,25.68,6
Yes,Moderate,9.619844,68.733117,NGO Report,121.25,1.14,100.7,13.8,84.97,98.97,0,0.108,2,14,54,23.36,2
No,Severe,22.945158,70.209329,NGO Report,195.52,0.23,112.55,34.85,80.27,78.78,0,0.504,8,2,162,39.7,4
Yes,Extreme,25.132811,75.259228,Citizen Report,115.37,4.13,58.95,15.18,29.39,69.94,0,0.804,18,4,78,23.49,4
No,Moderate,26.59026,71.607406,Citizen Report,311.77,9.57,71.62,31.46,68.74,65.42,1,0.169,10,4,183,3.31,0
Yes,High,33.635353,96.415036,Local Authority,39.89,0.25,35.92,32.63,33.03,66.7,1,0.22,6,0,143,27.7,1
Yes,Moderate,20.672164,75.255515,NGO Report,383.62,7.61,75.94,15.79,72.87,67.3,0,0.913,4,4,109,47,1
Yes,Severe,19.571931,90.740132,Local Authority,225.27,1.77,59.89,20.2,25.8,75.98,1,0.778,7,3,36,28.07,8
Yes,Severe,32.366365,72.087639,IMD,435.68,13.66,144.28,29.67,63.28,12.33,1,0.253,6,1,122,40.52,8
Yes,Moderate,9.961855,80.43336,Citizen Report,139.37,1.59,38.56,37.98,94.25,46.55,0,0.808,8,6,5,20.5,1
No,Severe,31.195443,93.957726,NGO Report,428.98,11.68,90.25,39.34,55.66,64.7,1,0.702,14,2,98,40.94,6
Yes,High,35.835927,90.72441,Citizen Report,264.4,8.32,113.05,35.61,67.8,48.63,1,0.043,0,8,139,35.6,8
Yes,Low,30.881607,71.753153,Local Authority,306.59,5.08,143.31,30.13,54.1,48.64,0,0.945,10,4,110,39.5,1
No,Moderate,24.197772,80.236568,Satellite,495.3,14.54,8.24,21.47,22.28,18.05,0,0.362,7,13,76,48.51,7
No,High,29.222965,91.573086,Satellite,49.85,10.73,50.48,44.56,30.42,70.79,0,0.146,16,11,98,12.74,7
Yes,Extreme,26.826524,84.375414,IMD,169.46,2.85,50.84,32.15,57.7,84.65,1,0.031,15,13,130,40.05,3
Yes,Extreme,15.029547,83.231791,NGO Report,471.68,11.45,46.27,43.12,61.66,42.31,1,0.71,19,14,198,41.78,0
Yes,High,36.370235,86.584087,Satellite,301.81,4.4,129.37,33.23,80.92,99.22,0,0.026,14,12,148,49.76,9
No,Moderate,10.086695,87.214922,Local Authority,253.38,3.52,134.27,30.38,27.29,91.59,1,0.755,15,0,116,9.91,8
No,Moderate,11.608134,94.158961,Local Authority,77.49,13.01,85.41,12.56,94.43,63.39,0,0.492,20,8,54,47.08,3
No,Low,35.867124,96.303666,IMD,286.07,4.52,17.8,12.52,26.43,77.85,1,0.242,4,14,186,10.47,7
Yes,Moderate,16.749185,81.71835,IMD,321.01,10.8,141.38,42.23,77.23,59.26,1,0.446,18,3,68,10.42,6
Yes,High,17.224298,95.706771,Citizen Report,205.77,11.22,83.94,20.65,29.69,48.03,0,0.146,10,13,155,49.07,10
No,Severe,34.394956,71.506599,IMD,362,9.02,131.7,40.09,86.38,83.04,1,0.31,11,2,99,46.81,4
Yes,Extreme,15.286542,77.970867,Local Authority,355.34,10.74,129.05,36.15,23.26,77.38,0,0.905,6,0,167,27.62,7
Yes,High,29.110552,70.124893,Local Authority,283.75,5.7,147.29,20.86,54.79,37.25,1,0.325,20,6,109,39.45,9
No,Severe,21.087679,79.068568,NGO Report,402.34,4.75,138.98,25.69,99.11,90.24,0,1,7,3,29,25.85,5
No,High,18.947341,92.645576,Satellite,394.22,5.42,80.21,16.73,83.86,16.11,0,0.304,17,13,198,14,1
Yes,Severe,8.551129,74.193002,IMD,376.24,1.15,13.88,21.05,40.58,39.26,1,0.993,17,8,13,5.77,0
Yes,Moderate,32.312463,84.127861,NGO Report,101.46,14.55,138.59,38.34,46.23,58.56,0,0.147,18,15,168,18.68,6
No,High,27.88816,78.653084,Satellite,89.88,14.51,51.53,41.73,86.89,87.93,0,0.355,2,9,61,32.44,3
Yes,Low,8.644199,94.978026,Satellite,453.86,13.12,137.96,38.73,57.68,18,0,0.697,12,9,124,18.02,4
No,Extreme,13.879389,77.291994,Local Authority,35.27,10.44,80.22,10.85,73.77,76.04,0,0.756,14,9,21,10.8,0
Yes,High,24.843451,94.07106,Satellite,109.31,9.75,142.81,25.4,26.77,46.82,1,0.672,3,2,93,25.04,1
Yes,Moderate,33.041348,86.324166,IMD,199.24,11.7,5.46,31.15,20.04,20.5,1,0.982,1,8,30,16.63,7
Yes,High,13.534799,73.835981,Citizen Report,444.92,14.91,118.87,39.48,30.49,22.3,1,0.788,8,12,80,29.82,3
No,High,17.470197,86.44372,NGO Report,155.14,6.27,28.58,41.42,84.13,70.34,0,0.032,4,5,187,31.74,4
No,High,24.794682,95.952699,Local Authority,166.07,11.93,137.84,39.36,27.64,92.34,1,0.872,1,10,142,6.59,7
Yes,High,20.88467,90.059628,Citizen Report,161.87,12.72,69.84,26.28,78.37,72.33,0,0.727,12,13,64,32.57,1
No,High,15.213184,80.43059,Satellite,151.08,2.37,46.22,37.58,61.55,85.59,1,0.139,11,10,147,41.79,10
No,Extreme,14.61166,75.00116,NGO Report,376.92,12.95,110.63,30.51,63.71,79.92,1,0.595,3,2,38,49.63,5
No,Extreme,36.461028,68.242391,NGO Report,415.84,10.7,40.2,44.7,74.84,33.18,1,0.44,2,1,141,22.01,5
No,Extreme,26.565505,68.204134,Local Authority,203.9,2.26,112.91,40.11,45.31,23.15,1,0.048,10,8,63,31.79,5
No,Severe,31.023719,76.338806,IMD,499.85,14.01,46.65,33.62,22.93,68.78,1,0.354,16,15,57,33.66,3
No,Moderate,19.184169,76.338735,Local Authority,170.01,0.75,56.58,35.71,82.68,86.56,0,0.908,1,0,165,37.22,5
Yes,Severe,17.347394,76.961697,Local Authority,438.85,0.02,142.98,36.29,69.27,78.95,1,0.16,17,9,25,10.06,4
No,Low,32.613716,81.023982,Satellite,494.38,14.79,93.69,29.05,29.61,39.69,0,0.753,17,6,46,13.11,3
Yes,Low,18.981012,71.898693,Satellite,184.39,11.41,70.61,27.74,78.6,13.85,0,0.012,11,13,173,30.75,6
No,Severe,21.223361,89.230556,Local Authority,239.39,7.59,26.13,12.98,95.59,57.37,0,0.55,2,11,193,29.27,3
Yes,Severe,36.018666,82.328876,Local Authority,412.82,2.81,138.05,18.1,43.7,65.94,0,0.2,16,11,10,28.41,2
Yes,High,31.122204,69.713962,Citizen Report,448,6.44,134.65,24.67,79.89,80.93,1,0.417,12,5,7,10.36,6
Yes,Extreme,9.570416,71.301328,Citizen Report,67.77,9.62,141.91,37.32,98.38,12.52,1,0.602,0,0,182,27.99,10
Yes,Severe,24.930634,90.037547,IMD,314.14,6.64,141.84,35.43,89.15,58.01,1,0.961,20,11,41,14.1,1
Yes,Moderate,19.603654,72.160607,Local Authority,186.19,14.65,46.23,26.93,42.75,47.92,0,0.832,0,8,73,46.53,5
Yes,Severe,12.219012,76.264275,NGO Report,343.31,2.32,37.77,10.74,31.94,40.29,0,0.562,20,7,149,26.87,4
Yes,Extreme,32.671813,85.311778,IMD,316.19,4.14,132.67,10.77,59.93,93.23,0,0.746,10,1,48,42.2,4
No,Severe,15.194025,94.927526,Local Authority,279.61,9.75,8.66,13.63,94.61,81.09,0,0.384,15,2,71,49.42,5
No,Extreme,9.495857,70.530293,NGO Report,77.5,13.88,67.49,13.84,42.21,57.98,0,0.334,20,6,199,33.03,6
No,Extreme,34.888767,96.759341,Satellite,227.08,7.34,46.31,22.75,42.31,71.57,0,0.416,17,9,19,19.75,4
Yes,Low,20.870209,76.980862,NGO Report,54.08,7.28,47.98,31.02,29.2,46.05,1,0.435,12,7,56,1.19,0
No,Moderate,9.489812,86.299074,Satellite,488.98,10.82,3.99,11.1,92.25,73.94,1,0.168,15,8,54,18.24,1
Yes,Extreme,35.488895,88.699068,Local Authority,184.29,5.44,82.64,20.24,62.61,99.14,0,0.075,9,2,162,24.38,0
Yes,Severe,35.756809,72.73091,Local Authority,385.43,14.03,19.97,22.55,24.7,99.25,1,0.337,0,4,35,45.71,5
Yes,Extreme,10.023471,68.301286,IMD,192.31,11.4,124.87,24.58,61.85,41.18,1,0.492,15,10,92,10.86,6
No,Low,34.916914,87.545779,Local Authority,435.98,4.23,61.24,19.06,85.12,98.82,1,0.747,15,2,1,1.83,3
No,Low,29.916663,88.140359,Satellite,483.29,5.79,17.38,16.91,53.04,32.86,1,0.424,1,1,16,36.15,3
No,Low,29.11977,73.775266,Satellite,39.58,13.92,16.58,42.91,41.78,23.08,0,0.321,8,2,183,20.71,5
No,Low,25.782914,77.97599,IMD,94,6.95,36.91,13.88,81.63,76.37,1,0.176,4,2,121,30.89,10
No,Extreme,34.850171,83.563821,Local Authority,228.03,9.77,145.67,30.04,57.69,40.86,0,0.655,5,6,105,49.46,4
No,Severe,8.043949,70.130366,Satellite,200.88,0.21,142.52,10.58,39.83,56.47,0,0.778,20,3,72,15.37,0
Yes,Extreme,27.329842,79.963455,Local Authority,88.32,7.56,89.38,25.18,29.38,98.98,0,0.872,1,3,125,20.61,4
Yes,High,18.905309,69.639208,Satellite,90.86,8.09,111.98,17.07,77.78,28.16,1,0.19,20,2,106,15.98,0
Yes,Extreme,16.553571,92.689004,Satellite,41.57,5.55,33.06,17.73,47.54,84.64,0,0.588,8,5,26,31.02,3
Yes,Low,11.052467,85.595118,NGO Report,107.47,4.07,92.6,31.9,81.34,48.48,0,0.11,17,10,131,14.35,6
Yes,High,20.177195,93.672818,Local Authority,216.95,0.23,114.48,12.27,41.81,71.1,0,0.749,6,3,53,11.45,7
No,High,23.005822,77.247729,IMD,367.92,1.26,128.53,26.49,37.1,53.48,0,0.652,14,3,199,44.04,7
No,High,24.075141,96.075499,Citizen Report,4.06,4.66,118.51,17.26,88.97,14.77,1,0.302,14,6,52,18.15,2
Yes,Severe,13.346762,95.139921,Local Authority,180.1,12,135.44,10.37,30.46,43.15,1,0.471,10,11,13,2.85,10
No,Low,27.321987,89.381374,NGO Report,297.56,4.41,21.12,15.13,64.09,13.77,1,0.243,17,13,70,39.52,8
No,High,27.321122,73.815588,Satellite,233.24,8.53,116.18,10.23,32.55,67.07,0,0.622,16,10,121,15.16,4
Yes,High,29.87942,75.342184,Local Authority,227.72,6.73,146.08,17.59,23.85,69.02,0,0.725,0,10,35,36.57,10
Yes,Extreme,30.140397,71.791017,Local Authority,233.95,6.65,61.21,21.69,22.94,52.87,1,0.344,0,1,35,10.04,3
No,Moderate,36.300449,94.98344,NGO Report,2.04,2.27,123.74,25.56,66.16,99.72,1,0.042,5,7,31,15.78,8
Yes,Moderate,34.39194,83.726097,IMD,354.34,6.67,146.84,30.05,81.55,67.5,1,0.264,4,2,195,35.86,6
No,Low,12.411462,78.933069,NGO Report,237.12,0.41,141.22,10.94,42.2,41.45,1,0.971,17,0,167,43.22,1
Yes,Low,22.872614,85.790418,Local Authority,380.05,2.68,65.68,32.15,99,92.51,0,0.042,5,2,20,32.71,7
No,High,34.189703,96.174816,Citizen Report,453.23,3.32,7.29,31.97,20,45.63,0,0.783,1,4,102,7.97,5
Yes,High,36.80931,77.682949,IMD,285.15,5.45,141.61,33.89,40.62,79.7,1,0.637,8,8,126,39.08,2
No,Low,27.593172,89.97708,NGO Report,134.7,4.88,132.74,43.02,35.49,74.86,1,0.519,12,7,101,8.99,9
No,High,16.645744,74.671115,Local Authority,175.87,9.29,55.98,31.78,34.47,44.83,1,0.566,18,13,195,24.79,10
Yes,Moderate,10.617384,73.016925,Local Authority,420.35,14.7,23.63,32.48,51.99,41.49,1,0.685,11,11,152,11.09,9
No,Severe,22.54715,81.8509,IMD,446.08,7.47,87.43,33.53,47.07,58.28,1,0.367,5,15,48,4.87,3
No,Low,34.859631,85.882372,NGO Report,263.47,4.22,63.55,20.05,91.33,23.9,1,0.977,2,13,79,10.32,9
Yes,Low,15.246376,96.402312,Satellite,126.51,6.66,113.11,40.01,70.28,43.6,1,0.992,18,3,9,12.79,9
No,Moderate,23.361149,80.118105,Citizen Report,360.29,11.5,67.31,25.11,26.19,16.3,0,0.02,20,9,170,19.94,1
No,Severe,21.986178,78.683163,Citizen Report,426.72,14.97,39.75,42.49,79.4,92.11,1,0.899,13,7,45,49.7,6
Yes,Low,29.453359,80.669476,Satellite,182.86,11.5,113.04,34.01,28.85,74.46,1,0.304,17,13,160,12.16,3
No,Severe,17.903237,82.399161,IMD,7.44,9.26,82.29,35.57,55.95,34.74,1,0.787,7,7,182,0.55,1
No,Severe,25.994981,93.221416,IMD,153.92,2.2,105.23,39.89,45.84,29.14,1,0.062,14,7,105,26.14,5
No,Extreme,35.789318,88.388259,Citizen Report,384.23,12.73,51.29,27.3,70.31,65.95,1,0.268,10,10,115,1.55,8
No,Severe,22.528865,70.983549,Satellite,422.64,5.08,95.07,19.63,34.62,11.78,1,0.242,12,6,150,14.06,1
Yes,High,24.909064,91.242001,NGO Report,276.8,9.93,90.71,25.8,41.15,29.06,1,0.446,18,4,125,41.08,4
No,High,24.178691,89.347837,IMD,60.25,14.56,91.42,12.33,83.37,66.57,1,0.999,9,0,9,14.25,9
No,Severe,33.80006,74.574344,Citizen Report,339.11,13.46,77.27,24.39,59.68,23.14,0,0.127,13,2,112,31.52,3
Yes,Low,16.801569,81.87045,IMD,172.12,13.43,145.81,42.82,23.65,28.21,1,0.134,14,0,153,46.3,8
Yes,Extreme,13.933679,95.179369,Local Authority,3.8,6.81,0.32,17.98,63.02,55.48,1,0.343,16,0,16,1.27,4
Yes,Low,10.383432,93.018292,NGO Report,204.81,9.89,139.74,21.31,58.46,67.79,0,0.581,13,6,140,31.19,9
No,High,27.788853,94.463736,Satellite,192.13,11.37,100.8,34.3,50.6,65.73,0,0.971,10,11,15,45.86,3
Yes,Severe,24.821079,94.108951,IMD,1.24,11.31,18.3,12.83,28.33,84.51,1,0.071,6,3,54,9.59,9
Yes,Severe,27.748716,87.765381,IMD,24.43,0.45,84.31,20.56,93.97,19.1,1,0.73,4,13,189,33.43,6
Yes,Severe,34.07632,87.885269,IMD,332.61,10.71,117.17,29.18,64.27,76.18,0,0.643,5,11,36,20.04,10
Yes,Low,20.029281,77.765014,NGO Report,197.07,6.64,32.2,21.05,95.26,57.31,1,0.093,7,13,19,45.22,5
No,Severe,16.75721,83.549271,NGO Report,98.7,12.69,149.52,42.86,43.95,83.41,1,0.562,18,6,96,23.99,0
No,Severe,18.400609,70.275822,IMD,1.97,0.11,11.98,23.59,68.34,88.27,0,0.732,12,9,21,22.73,2
No,High,11.270376,83.40588,Citizen Report,429.05,2.86,84.01,44.13,64,25.77,1,1,3,11,8,36.61,0
Yes,Moderate,31.567505,79.146544,NGO Report,363.14,11.71,42.1,12.33,99.49,35.38,0,0.971,4,10,48,29.01,4
Yes,Severe,25.528738,87.785403,IMD,235.11,3.78,141.83,37.26,50.94,53.49,1,0.366,10,10,52,10.39,8
No,Moderate,22.929348,85.903456,Satellite,271.03,6.93,13.02,23.33,73.01,20.93,1,0.478,2,2,6,5.34,3
Yes,Extreme,22.373673,69.319636,Local Authority,297.3,11.55,81.74,10.34,62.57,51.32,0,0.913,13,10,155,21.06,1
Yes,Severe,19.15071,86.776756,Local Authority,333.44,12.34,145.49,35.81,65.27,71.2,1,0.631,17,4,168,35.23,0
Yes,Severe,16.595232,89.227353,Citizen Report,133.3,6.3,68.35,41.29,26.58,61.49,1,0.796,14,7,97,38.96,4
Yes,Moderate,19.791568,74.57303,IMD,247.67,7.47,145.19,25.88,58.45,23.62,1,0.686,20,1,75,32.04,3
Yes,Moderate,15.686197,89.443229,Citizen Report,207.74,5.57,54.8,24.45,28.34,91.03,1,0.497,2,7,48,43.75,0
Yes,Extreme,32.041466,71.9311,Local Authority,150.02,6.98,93.02,37.71,99.72,16.4,1,0.03,10,1,73,18.87,0
No,High,13.919406,84.032487,Local Authority,39.55,13.81,79.28,40.25,45.75,15.89,0,0.383,18,9,138,13.13,2
Yes,Low,15.151602,88.258362,NGO Report,164.7,9.77,31.35,20.27,76.87,22.86,1,0.565,8,6,156,36.8,2
No,Severe,31.46619,75.12888,Local Authority,286.92,10.13,127.49,24.81,68.12,81.47,1,0.756,18,3,78,20.76,8
No,High,21.335812,84.732324,NGO Report,175.27,10.53,54.61,14.34,27.23,27.75,1,0.85,17,5,194,10.08,10
Yes,Severe,16.63596,87.317855,IMD,118.81,8.1,25.48,28.71,39.06,73.25,0,0.5,5,11,110,14.32,0
No,Low,32.011996,77.342977,IMD,22.64,7.86,25.29,39.55,33.3,82.44,0,0.884,15,5,87,32.92,3
No,Low,21.141042,72.567109,NGO Report,169.83,7.03,41.93,24.88,72.78,38.17,1,0.269,12,0,102,8.04,0
Yes,Moderate,15.935597,91.187961,IMD,440.54,12.55,121.28,42.22,38.12,78.45,0,0.802,4,12,79,28.49,5
No,Extreme,31.202248,76.42314,Local Authority,94.01,10.4,56.55,33.85,70.2,86.81,0,0.827,7,6,132,26.86,3
No,Severe,11.642437,95.41399,Citizen Report,496.83,13.6,127.2,18.73,90.66,60.19,0,0.448,14,13,137,42.95,7
No,Moderate,15.319449,69.742901,IMD,118.63,5.58,121.94,42.03,41.33,97.43,0,0.562,17,7,146,31.84,10
Yes,Severe,10.066391,84.114742,IMD,83.35,2.9,86.97,35.14,63.1,34.67,0,0.986,2,5,173,17.23,8
Yes,Moderate,12.616116,84.712357,Local Authority,362.54,14.35,44.4,21.25,97.58,92.74,0,0.419,2,8,157,47.52,7
No,Low,24.809655,89.198627,Local Authority,76.67,10.83,124.8,23.73,82.74,33.78,0,0.013,13,5,87,43.3,0
No,Low,27.125855,78.236303,Citizen Report,311.35,11.99,77.94,38.94,20.19,26.01,1,0.687,20,1,177,10.11,2
Yes,Low,26.641254,75.254492,Local Authority,1.59,9.49,7.01,44.32,96.52,74.69,1,0.468,3,0,116,44.94,10
No,High,12.877749,80.710853,Citizen Report,31.07,7.99,94.13,32.82,40.89,65.55,0,0.706,14,7,182,40.07,3
Yes,High,10.207684,86.137198,Local Authority,171.58,8.12,77.81,27.72,82.03,13.14,1,0.213,10,8,155,12.74,1
Yes,Low,25.860518,92.318308,Local Authority,118.18,7.88,73.18,37.55,85.68,56.96,1,0.531,1,10,28,10.55,0
Yes,Low,13.776871,92.081172,NGO Report,57.23,8.19,135.29,29.54,36.73,60.51,0,0.848,13,12,76,39.17,8
Yes,Severe,32.308003,78.400429,Satellite,11.3,3.49,128.29,34.4,28.86,50.88,1,0.397,19,5,55,35.4,7
No,High,9.429336,91.850435,Satellite,401.65,3.92,68.91,25.41,54.67,21.9,1,0.214,7,2,86,23.85,8
No,Extreme,26.179301,84.95602,IMD,453.56,8.31,39.61,29.45,73.64,65.5,1,0.642,14,1,142,14.53,6
Yes,High,29.573388,89.246317,Local Authority,234.09,4.41,40.48,26.1,63.65,19.95,0,0.777,7,9,145,45.64,3
No,Moderate,8.088443,82.498061,Citizen Report,24.5,4.35,132.44,19.43,95.05,22.96,0,0.824,10,10,193,38.19,9
No,Moderate,14.813839,71.557591,Local Authority,418.28,1.3,69.14,32.21,94.83,85.61,0,0.16,10,14,192,26.66,2
No,Extreme,12.761528,87.598406,Local Authority,453.78,5.92,67.78,43.66,37.5,30.82,0,0.058,0,8,82,13.71,0
Yes,Extreme,27.642118,75.615659,Local Authority,446.28,13.6,81.37,31.81,42.55,62.09,0,0.983,4,15,169,22,0
No,Low,24.005727,86.057686,IMD,396.56,14.47,74.66,34.47,96.3,95.09,1,0.77,6,9,199,49.6,7
Yes,High,35.198103,75.730326,NGO Report,493.65,12.46,26.83,38.85,85.38,63.98,0,0.96,3,11,29,34.05,8
Yes,Severe,9.285295,94.82056,Citizen Report,325.26,3.51,51.93,38.43,24.93,61.06,0,0.957,8,5,104,45.83,2
No,Extreme,14.275153,94.786346,NGO Report,200.18,5.82,57.87,25.42,88.55,70.69,0,0.546,7,7,179,43.19,0
Yes,High,9.008692,82.79326,Local Authority,301.14,2.28,54.55,26.84,32.21,46.64,0,0.215,19,13,80,42.28,5
Yes,Low,15.17842,72.091954,Local Authority,147.23,6.83,56.64,10.01,87.85,71.25,0,0.648,12,2,147,27.76,7
No,Low,22.121506,71.346524,IMD,163.09,11.56,132.23,39.38,34.06,98.49,1,0.247,9,3,167,17.12,3
Yes,Low,29.69591,88.390792,Citizen Report,194.29,3.18,97.2,39.85,20.08,75.39,1,0.271,0,12,189,13.35,3
No,Moderate,23.853938,72.756712,Local Authority,100.41,7.15,149.42,38.36,31.94,62.08,0,0.263,9,4,139,32.04,3
No,High,33.754376,86.950047,Citizen Report,455.03,6.26,92.48,38.93,43.08,49.11,1,0.628,3,4,46,19.14,6
Yes,Extreme,18.933275,79.52357,IMD,479.6,14.74,43.76,39.01,86.68,10.36,1,0.255,8,13,192,47.86,6
No,Severe,20.894803,74.522866,Citizen Report,187.43,8.66,88.62,37.65,53.48,80.06,0,0.199,5,0,190,17.44,5
Yes,Extreme,32.120954,96.908425,Local Authority,20.04,7.68,134.47,24.58,44.22,96.03,0,0.963,0,15,171,38.24,8
Yes,Severe,28.580757,93.918083,Local Authority,350.92,3.47,70.04,12.82,88.44,92.75,0,0.96,11,10,109,39.12,6
No,Extreme,14.778659,73.449296,IMD,140.58,6.1,18.92,22.57,75.36,36.34,0,0.158,14,12,117,40.82,5
No,High,12.4696,76.406957,NGO Report,470.1,10.61,29.94,20.82,34.84,59.01,1,0.483,15,13,189,49.93,7
Yes,High,26.415342,77.002814,NGO Report,456.7,13.16,143.17,42.76,68.72,89.41,1,0.393,10,4,9,48.21,0
No,High,31.323787,94.827338,IMD,425.84,14.16,20.39,41.21,43.29,30.36,1,0.052,7,12,142,38.07,5
Yes,Moderate,35.256783,82.719475,Local Authority,248.3,5.88,142.08,15.3,53.07,15.35,0,0.666,0,12,6,45.57,5
No,Extreme,24.296964,92.417332,Satellite,455.95,13.54,128.36,27.23,78.54,93.57,1,0.378,15,2,24,14.87,1
Yes,Low,31.559238,82.914293,Satellite,378.99,1.92,64.98,17.78,37.14,23.41,1,0.376,13,4,142,16.44,7
Yes,Moderate,34.70376,89.132034,Citizen Report,395.11,11.24,135.54,10.52,93.52,66.41,1,0.333,2,7,37,2.16,3
No,Low,16.258976,89.230807,NGO Report,98.13,10.32,133.37,38.96,65.8,32.13,1,0.824,9,10,89,27.22,3
Yes,High,13.934726,78.426744,NGO Report,107.27,5.25,35.36,12.4,27.02,55.19,0,0.415,16,5,60,3.74,8
No,High,27.423198,81.520443,Local Authority,485.2,3.57,50.75,26.67,30.23,14.58,1,0.446,17,15,106,11.76,5
Yes,Moderate,33.406966,68.56969,NGO Report,396.08,5.33,51.31,19.98,83.99,12.21,1,0.906,9,6,23,1.12,2
Yes,Extreme,22.445791,71.376004,IMD,144.92,11.37,137.24,20.93,94.51,59.25,1,0.479,10,5,90,33.89,2
Yes,Extreme,29.133693,85.314449,IMD,123.87,3.45,0.86,44.9,38.52,53.59,1,0.209,4,13,106,44.08,5
No,High,18.725394,83.819675,NGO Report,434.53,3.56,139.21,33.92,48.45,11.42,1,0.921,3,4,68,31.46,3
No,Severe,11.292499,76.130694,Citizen Report,450.1,11.97,111.88,40.81,77.41,50.12,1,0.784,11,10,102,48.89,1
No,Moderate,18.467087,70.4345,Citizen Report,273,13.99,7.02,17.56,54.68,31.15,0,0.867,17,8,0,41.01,4
Yes,High,13.055133,76.448653,Satellite,219.71,8.41,110.05,30.16,31.48,18,1,0.386,2,10,167,17.16,5
Yes,Severe,17.907716,92.056938,NGO Report,342.06,12.19,128.02,27.87,30.12,45.23,0,0.878,5,9,66,16.64,0
Yes,Severe,8.167263,91.647116,Satellite,145.94,8.92,17.48,20.6,32.94,45.77,0,0.226,1,5,133,34.39,10
Yes,Extreme,26.207493,84.679737,IMD,261.62,0.61,47.7,37.65,36.54,57.97,1,0.586,4,5,16,11.69,8
Yes,Low,22.511471,82.932076,NGO Report,126.26,10,30.29,27.7,78.45,27.29,1,0.568,10,7,140,28.56,5
No,Extreme,19.955549,81.0813,Local Authority,193.64,1.24,20.71,37.63,21.9,27.51,0,0.78,15,9,21,18.96,9
No,High,11.304498,96.642923,IMD,495.42,1.34,88.27,20.17,33.36,63.07,0,0.988,15,11,74,32.06,8
Yes,Extreme,17.522462,68.559258,Citizen Report,247.28,8.34,70.7,42.24,97.46,21.42,1,0.499,9,9,56,23.79,9
Yes,Severe,30.747617,75.996828,NGO Report,166.87,11.36,9.53,30.02,96.85,39.69,0,0.753,16,2,67,32.48,3
Yes,Extreme,11.795278,91.199145,NGO Report,426.56,13.53,102.32,21.05,49.1,50.89,1,0.216,13,8,109,9.71,2
No,Low,21.4824,73.872077,Citizen Report,69.49,11.7,145.65,38.29,21.48,21.96,1,0.803,18,12,29,1.82,0
Yes,Severe,36.828365,96.027554,Local Authority,332.61,9.88,111.93,10.41,38.15,99.65,1,0.484,0,9,131,15.99,8
Yes,Extreme,27.812776,68.53733,Satellite,455.17,6.78,9.47,23.92,47.55,15.97,0,0.222,16,6,79,33.94,6
Yes,Extreme,12.922356,89.270027,Satellite,393.05,9.95,127.03,28,93.61,56.4,1,0.071,2,1,73,24.89,2
Yes,Extreme,28.394296,78.949671,Local Authority,61.85,5.17,130.33,28.76,53.64,57.98,0,0.307,6,14,36,13.87,0
No,Low,31.144734,88.233181,Citizen Report,166.22,13.06,0.06,40.59,22.46,94.69,0,0.15,14,6,73,21.53,10
Yes,Moderate,13.089109,84.648856,Local Authority,260.52,13.89,5.34,26.53,80.42,93.88,0,0.807,6,15,139,14.89,2
Yes,High,13.535546,81.349004,Satellite,405.87,8.92,108.72,42.85,74.83,87.63,1,0.155,13,2,61,21.93,9
Yes,Moderate,29.543396,92.790354,Local Authority,70.81,10.38,94.73,37.48,57.43,22.6,0,0.472,18,9,48,26.69,4
No,Low,35.14471,86.05573,NGO Report,332.31,9.5,95.21,31.47,76.89,38.34,0,0.547,13,0,196,32.28,2
No,Low,32.288665,79.878666,Satellite,292.17,12.25,121.79,18.32,44.77,72.74,0,0.46,1,15,101,18.12,0
No,High,31.404089,75.915831,Citizen Report,177.69,12.04,138.77,26.63,68.64,97.81,0,0.414,14,15,34,21.18,7
No,Extreme,31.652217,93.077629,Local Authority,226.52,5.1,142.2,21.76,98.37,31.81,1,0.038,5,4,7,24.59,8
Yes,Extreme,27.725108,86.501157,NGO Report,301.99,10.46,140.21,18.66,39.97,53.75,0,0.816,18,13,160,5.35,6
Yes,Extreme,33.180399,71.117548,Citizen Report,487.41,0.9,18.45,33.63,36.07,30.16,1,0.32,19,3,0,41.39,7
No,Extreme,28.819457,89.09968,IMD,492.83,11.66,48.5,24.71,84.44,69.99,0,0.788,14,3,164,37.06,10
No,Extreme,20.424655,88.102124,NGO Report,253.32,3.39,37.28,35.04,58.05,93.84,1,0.8,2,1,166,26.17,10
Yes,High,30.850641,90.74546,Satellite,296.89,13.4,89.36,37.61,21.67,27.73,0,0.776,6,10,121,36.59,2
Yes,Severe,23.660222,79.642778,NGO Report,132.52,6.28,134.02,10.24,55.44,75.95,0,0.821,9,12,170,6.02,6
Yes,Severe,12.773475,70.33959,Local Authority,478.87,3.57,132.1,34.78,63.81,17.15,0,0.406,15,15,157,34.01,8
No,Severe,21.780681,77.678536,Local Authority,390.5,13.96,101.01,33.82,62.99,77.76,1,0.944,7,2,67,21.25,9
No,Low,9.839951,68.197142,Citizen Report,40.52,0.74,85.15,20.4,89.76,61.6,1,0.706,17,2,88,33.82,6
No,High,9.728785,96.523145,NGO Report,141.82,14.71,127.18,19.19,84.35,92.78,0,0.645,16,15,200,14.14,5
No,Moderate,8.536809,68.466259,Citizen Report,161.46,1.97,39.62,24.58,68.86,99.79,0,0.091,14,7,52,5.73,0
Yes,High,8.213365,90.763362,NGO Report,94.41,7.29,77.08,12.9,68.88,77.7,1,0.365,5,6,133,11.36,2
Yes,Moderate,19.289971,85.060186,Local Authority,182.18,3.71,149.09,25.3,47.23,45.64,0,0.199,15,10,133,31.67,4
Yes,High,31.264967,83.973357,Local Authority,86.74,9.01,2.9,25.5,73.98,13.89,0,0.658,8,8,88,44.05,6
Yes,Low,23.950751,86.982681,Local Authority,164.32,0.61,73.6,15.19,83.29,14.27,0,0.742,12,13,14,3.12,2
No,Extreme,16.838452,84.634987,Satellite,481.54,10.72,24.43,10.94,53.91,55.03,0,0.464,4,10,122,10.69,0
No,Moderate,21.102773,82.733005,NGO Report,356.18,1,7.6,37.39,86.55,46.15,1,0.127,1,0,187,10.32,7
No,High,26.857624,96.207957,Citizen Report,7.4,7.49,45.47,36.93,92.91,33.42,0,0.411,14,7,101,1.06,0
No,High,34.42548,77.539242,Local Authority,377.62,2.81,120.02,31.28,29.41,47.95,1,0.124,6,2,159,14.01,2
No,Extreme,16.754599,85.889951,Local Authority,372.22,0.7,35.97,25.2,92.17,19.54,0,0.839,4,8,27,39.6,2
Yes,Severe,31.598606,70.472062,Satellite,170.38,11.62,40.57,22.11,70.37,11.47,1,0.826,10,0,51,6.01,4
No,Low,24.087198,87.329774,Satellite,150.84,5.08,89.81,32.02,87.31,83.83,1,0.175,6,12,46,48.56,7
No,High,36.69998,77.723839,Local Authority,252.95,7.69,12.59,44.13,26.84,88.62,0,0.029,20,12,4,23.29,4
No,Low,21.901698,95.496144,Satellite,332.95,7.91,58.36,18,96.25,72.77,0,0.508,2,14,120,46.18,3
No,Moderate,16.156542,73.049129,Citizen Report,486.39,5.26,106.88,36.69,43.19,32.56,1,0.8,12,11,14,46.32,10
No,Severe,34.402145,72.804572,Satellite,283.79,8.15,134.96,42.89,36.41,83.69,0,0.232,1,14,33,33.66,7
No,Extreme,29.806993,90.761698,Citizen Report,231.6,11.36,106.87,12,76.57,18.53,1,0.793,15,13,147,35.13,10
No,High,25.011032,82.477864,Satellite,379.65,10.51,62.06,23.3,52.57,83.12,1,0.655,1,10,93,16.25,7
Yes,Low,35.888717,96.969175,Citizen Report,196.82,0.84,144.03,17.18,54.4,79.71,1,0.815,7,13,141,28.77,7
Yes,Low,18.12764,70.067472,Citizen Report,297.63,1.57,30.39,31.53,65.81,11.21,0,0.093,5,13,71,39.43,9
Yes,High,30.03542,76.661453,Citizen Report,165.33,8.84,114.54,33.16,21.71,95.72,0,0.663,0,14,159,9.52,6
Yes,Moderate,13.474067,86.120263,IMD,170.45,4.93,74.87,25.77,45.4,51.1,0,0.98,17,15,177,23.46,5
No,Low,24.68049,94.407805,Citizen Report,228.03,0.66,126.13,19.19,43.37,21.67,1,0.229,10,7,107,10.69,9
Yes,Moderate,28.830594,68.670911,Local Authority,64.75,7.79,49.99,32.42,30.22,53.82,0,0.691,6,14,25,49.56,3
No,Low,24.744803,85.705435,NGO Report,9.37,2.58,94.31,43.45,32.4,54.51,1,0.859,14,5,33,30.67,5
Yes,Extreme,24.669867,88.979624,NGO Report,31.18,7.66,80.08,21.27,71.72,47.57,1,0.568,14,14,111,16.26,8
Yes,Moderate,27.560331,83.618672,Local Authority,393.78,1.79,128.96,43.4,63.15,74.6,0,0.309,3,5,9,20.26,10
Yes,Low,25.157472,86.546784,NGO Report,294.4,1.7,110.66,35.87,57.19,37.43,1,0.523,0,11,63,29.07,8
No,Moderate,34.490282,73.427333,Citizen Report,176.05,8.56,125.56,29.77,72.09,39.28,0,0.042,16,5,138,11.95,0
No,High,23.921231,86.548618,Local Authority,499.64,14.51,76.06,32.22,38.35,74.92,0,0.143,4,15,130,6.5,2
No,Severe,8.44447,95.443871,Local Authority,288.68,10.76,103.98,35.36,68.17,30.75,0,0.492,3,13,115,10.1,1
Yes,High,34.597192,91.273658,Citizen Report,212.2,6.85,78.93,32.6,27.03,91.61,1,0.965,12,6,138,46.14,8
No,Severe,35.592088,81.816022,Citizen Report,188.16,2.64,86.95,30.9,69.79,82.9,1,0.247,1,8,56,26.06,1
Yes,Moderate,15.446522,86.724797,IMD,464.83,14.16,132.67,18.11,83.18,98.36,1,0.96,17,2,155,8.66,7
No,Moderate,18.554149,68.692492,IMD,158.44,5.65,107.08,15.01,35.86,41.66,0,0.719,9,6,104,5.92,9
No,High,26.530073,96.270744,IMD,165.08,5.23,84.8,31.95,61.79,33.06,0,0.379,17,0,163,35.43,4
No,High,25.248488,75.126631,Citizen Report,448.33,5.06,22.87,38.83,35.21,45.36,0,0.531,16,5,81,39.69,0
Yes,Moderate,16.011872,70.191863,Local Authority,22.07,3.24,141.98,10.64,91.06,18.03,1,0.438,8,13,62,18.75,6
Yes,Extreme,29.371841,86.089263,Citizen Report,201.86,14.41,16.88,32.18,82.25,71.85,1,0.938,4,5,97,4.55,3
Yes,Moderate,17.94273,72.576225,Satellite,191.71,4.83,18.37,15.62,88.68,23.24,1,0.407,16,13,23,35.36,3
No,Extreme,33.774661,69.173614,Citizen Report,92.41,10.6,129.77,16.67,97.63,92.01,0,0.254,18,1,104,44.06,4
No,Low,27.172658,75.863078,IMD,31.63,4.51,38.74,10.87,45.94,62.84,1,0.11,0,13,188,16.45,7
Yes,High,35.444729,90.78133,Citizen Report,381.62,0.18,134.78,26.23,71.16,15.42,0,0.507,17,8,162,24.14,4
Yes,Moderate,24.492836,86.629148,IMD,358.37,10.93,99.83,33.15,97.51,48.31,1,0.986,2,3,104,10.86,1
Yes,Moderate,18.763635,84.284135,NGO Report,112.16,6.52,80.77,23.69,66.35,84.49,0,0.88,20,4,83,46.14,9
No,Moderate,23.749925,77.607744,Local Authority,246.97,7.31,140.86,42.74,31.54,40.29,1,0.805,2,3,8,28.27,2
Yes,Low,11.940919,75.928029,NGO Report,124.53,14.52,57.8,10.87,73.9,82.07,1,0.89,15,13,21,7.74,8
Yes,High,19.427149,92.157073,NGO Report,430.32,4.42,14.26,22.22,45.9,23.3,0,0.273,16,9,56,6.72,6
No,Low,28.223415,89.454359,Citizen Report,478.47,8.65,69.84,10.09,79.81,67.67,0,0.84,18,9,200,8.72,10
Yes,Moderate,28.988355,70.309034,NGO Report,197.62,8.14,57.18,18.09,31.89,96.06,1,0.129,7,13,70,25.12,5
Yes,Moderate,22.647724,72.327649,Local Authority,406.53,14.46,52.06,31.38,69.91,32.22,0,0.382,15,10,174,44.05,4
Yes,Extreme,13.744316,86.498219,Satellite,17.47,10.22,80.92,42.69,41.19,73.31,1,0.678,13,2,91,30.76,10
No,High,28.962487,68.647149,NGO Report,142.79,11.6,140.64,32.39,51.61,62.5,1,0.742,13,15,157,41.97,9
Yes,Low,25.654012,91.649313,IMD,122.54,7.71,95.91,44.16,56.3,36.96,0,0.482,5,9,51,48.87,4
Yes,High,21.797638,70.808924,Local Authority,139.86,0.3,69.61,18.96,77.85,90.48,0,0.754,9,12,137,33.6,4
Yes,Severe,29.674378,72.096118,Local Authority,265.53,7.63,103.45,14.33,43.52,66.89,1,0.902,0,2,200,34.04,7
Yes,Extreme,28.363137,90.041996,NGO Report,125.01,11.86,138.73,11.82,45.14,11.31,1,0.675,4,12,113,27.9,5
Yes,Extreme,18.03,82.270607,Local Authority,23.01,0.99,140.44,32.02,97.59,99.98,0,0.588,8,14,165,41.82,7
No,Severe,25.131974,78.005372,IMD,385.92,9.52,18.04,17.39,87.41,79.27,0,0.41,6,11,15,8.04,8
No,Moderate,24.392568,73.935408,Citizen Report,201.54,7.01,103.57,14.67,78.18,31.55,1,0.959,8,7,151,20.96,2
Yes,Low,15.722884,69.975522,IMD,37.82,12.6,138.54,25.28,32.34,64.92,1,0.763,5,7,182,47.92,4
Yes,Severe,16.446724,77.969932,Local Authority,1.4,12.7,13.95,41.6,20.17,97.98,1,0.453,10,2,154,9.41,1
No,Extreme,21.236454,68.334489,Citizen Report,91.16,10.7,61.41,24.74,47.14,84.86,0,0.151,19,2,32,12.42,5
Yes,Extreme,32.039748,79.148557,IMD,260.69,4.09,47.73,23.33,33.74,35.75,0,0.508,13,8,68,11.06,3
Yes,Extreme,35.968332,73.592065,Local Authority,42.42,5.25,85.06,31.59,64.72,99.82,1,0.958,11,10,173,33.32,9
Yes,High,18.695345,86.994251,IMD,216.08,12.93,62.62,25.61,30.55,27.99,1,0.646,14,3,45,2.73,10
Yes,Moderate,26.038587,75.336644,Satellite,302.91,4.66,125.56,34.53,85,10.5,1,0.837,17,7,10,29.69,6
Yes,Severe,27.194042,95.963433,Citizen Report,484.94,8.62,74.09,26.37,30.96,68.24,0,0.133,20,6,1,18.2,4
Yes,Low,9.879568,92.300721,Satellite,241.19,11.73,40.72,41.08,65.17,37.96,0,0.798,2,5,23,23.31,6
Yes,Low,11.063932,70.462313,Citizen Report,482.58,13.65,5.66,44.41,29.13,92.33,0,0.543,2,5,88,3.89,7
No,Severe,24.808334,73.055898,Satellite,499.17,3.67,114.33,11.62,64.35,70.62,0,0.492,18,2,71,19.13,2
Yes,High,12.042439,73.327293,Satellite,116.47,14.88,14.3,16.78,22.96,87.37,0,0.97,1,10,63,6.9,8
Yes,Extreme,33.47304,80.924281,IMD,348.66,0.74,98.34,35.97,28.24,75.39,1,0.339,0,15,144,34.97,3
No,High,30.70303,91.406004,Satellite,183.48,6.14,23.5,38.12,78.51,43.44,1,0.85,4,0,165,15.17,3
No,Moderate,11.712816,73.174707,NGO Report,453.81,1.32,135.14,35.24,71.76,91.6,0,0.574,2,1,79,1.59,4
No,Extreme,29.755932,83.895286,Satellite,122.35,2.55,122.41,24,62.55,96.94,0,0.474,15,13,43,10.9,6
Yes,Severe,34.051633,68.392312,IMD,343.32,4.77,21.4,37.16,77.73,95.07,0,0.337,1,5,105,44.5,3
Yes,Severe,31.601956,73.067652,NGO Report,13.9,10.73,61.34,39.75,58.11,74.47,1,0.666,7,15,123,49.12,5
No,Low,21.861053,71.129076,Local Authority,310.96,1.57,79.27,21.46,73.97,13.43,0,0.733,17,13,141,29.02,3
No,Low,8.235908,93.921857,Satellite,292.55,13.75,89.33,36,27.29,19.26,1,0.298,7,8,157,12.37,10
No,Severe,24.065869,92.298287,Local Authority,140.06,1.11,142.94,15.27,44.6,35.56,0,0.188,14,3,104,45.48,8
Yes,Low,13.11519,77.888158,Satellite,494.16,11.97,106.23,31.32,69.05,54.81,0,0.879,16,4,78,42.57,1
No,High,8.734509,78.167373,IMD,433.06,8.88,145.68,27.12,55.15,48.93,0,0.024,5,7,16,46.2,6
Yes,Extreme,24.150646,80.939416,Local Authority,325.13,2.17,134.01,23.23,87.98,90.96,1,0.237,0,3,110,41.64,2
Yes,High,36.949306,79.11667,NGO Report,135.01,4.52,132.92,13.94,62.78,64.64,0,0.453,17,8,147,23.41,8
Yes,Extreme,11.96386,83.309094,Citizen Report,159.8,3.55,104.94,25.18,84.46,35.89,0,0.868,3,11,108,1.27,9
No,Low,17.579589,89.817598,Satellite,278.64,9.06,143.36,13.86,28.92,47.89,1,0.683,9,14,50,3.24,9
No,Moderate,12.287057,92.328468,IMD,461.81,9.45,4.72,24.46,26.84,27.85,1,0.994,18,15,37,24.7,7
No,High,22.160137,84.828208,Satellite,413,0.96,76.3,20.4,77.34,96.55,0,0.038,8,6,65,39.74,7
No,Extreme,8.439644,81.333672,Citizen Report,462.58,7.67,20.31,41.89,81.7,45.28,1,0.224,8,8,158,44.77,9
Yes,High,8.010726,72.367436,Citizen Report,420.82,3.69,90.85,44.4,42.85,60.22,1,0.077,15,5,116,6.21,5
No,Severe,17.928198,80.160373,Satellite,42.58,4.74,91.33,13.49,42.03,10.62,0,0.072,8,8,109,7.39,8
Yes,Severe,23.829255,69.14021,IMD,263,4.61,76.78,27.3,20.81,44.83,1,0.342,12,3,91,35.3,10
Yes,Extreme,25.976915,73.957572,Citizen Report,289.53,4.49,148.11,36.51,66.94,50.74,0,0.028,16,8,120,15.62,3
Yes,Severe,13.253412,89.636121,IMD,58.09,6.82,50.3,30.29,23.43,96.87,0,0.364,17,7,50,23.98,5
No,Moderate,36.748672,78.193716,NGO Report,249.55,2.05,37.51,42.33,89.33,50.08,1,0.517,2,8,100,20.16,5
No,Low,27.320958,75.007663,Citizen Report,231.16,13.09,132.07,38.19,65.28,80.35,1,0.772,20,7,178,45.77,7
No,High,35.155976,92.425184,Citizen Report,235.67,8.09,6.56,10.1,68.61,20.17,0,0.236,18,11,7,27.1,0
No,Moderate,13.179008,92.211119,Satellite,126.15,4.26,53.67,41.48,59.21,71.47,0,0.211,20,14,159,22.49,2
No,Severe,13.350427,93.936871,NGO Report,112,2.64,38.45,21.27,21.44,88.19,1,0.805,17,1,176,42.17,5
Yes,Severe,29.391913,91.952636,NGO Report,384.23,14.72,119.65,22.17,34.51,28.83,1,0.304,5,8,198,11.66,1
No,Extreme,18.849369,96.941514,Citizen Report,202.51,12.34,70.36,28.39,77.66,79.39,1,0.914,17,15,190,4.74,7
No,Extreme,25.963872,79.17847,NGO Report,129.22,0.96,32.37,33.84,84.56,27,1,0.209,19,4,135,42.91,3
Yes,High,24.272324,85.113393,Citizen Report,192.48,1.42,60.49,38.99,41.03,58.69,1,0.565,7,13,100,3.68,10
Yes,Low,14.315099,88.450511,IMD,50.72,7.92,77.79,26.97,37.91,27.41,0,0.25,4,8,62,5.34,7
Yes,Severe,34.50011,79.44554,NGO Report,381.62,10.36,37.08,31.08,90.05,59.67,1,0.847,3,9,116,4.91,0
No,Extreme,11.379392,76.69535,Citizen Report,257.81,10.29,78.74,31.55,74.57,11.48,0,0.336,14,0,88,4.65,2
Yes,Extreme,27.923826,76.68615,NGO Report,478.83,14.4,134.02,19.12,61.52,38.24,0,0.487,5,14,199,2.51,7
Yes,High,11.018521,89.358197,NGO Report,153.55,14.2,30.03,29.16,87.09,91.61,1,0.163,17,6,98,40.75,6
Yes,Extreme,12.489197,75.525117,IMD,158.63,13.78,149.89,33.9,29.98,67.22,1,0.998,3,2,130,30.3,7
Yes,Low,23.182683,86.423582,Local Authority,74.05,5.31,25.75,36.37,28.34,29.35,0,0.602,12,15,74,29.84,10
No,Severe,15.152112,76.578663,Satellite,319.89,12.64,85.24,12.11,71.73,48.56,1,0.737,6,15,166,47.4,9
Yes,Low,23.758326,94.108472,IMD,28.24,5.75,34.66,10.15,62.09,66.71,1,0.772,13,14,122,47.47,5
No,High,24.918243,70.176018,Local Authority,278.43,1.91,8.33,34.33,22.5,25.86,1,0.39,5,5,117,38.08,4
Yes,High,28.165742,84.44819,Local Authority,481.81,0.3,75.15,28.94,21.74,12.64,1,0.201,2,7,44,24.61,7
No,Extreme,21.027609,76.963725,IMD,328.79,13.41,28.88,17.62,54.56,89.24,1,0.395,17,15,95,14.77,9
No,Severe,26.861688,91.292887,Citizen Report,296.17,3.05,134.02,38.35,25.89,29.89,1,0.983,10,11,96,40.8,3
Yes,High,22.377371,78.544342,NGO Report,269.28,1.09,69.22,13.83,85.12,20.77,1,0.566,7,5,96,19.3,6
No,Extreme,22.807314,70.558618,Satellite,206.98,1.73,93.63,16.22,42.72,55.61,0,0.055,14,2,104,30.26,2
Yes,Low,35.480766,71.68059,IMD,438.06,7.79,48.89,16.05,30,49.2,1,0.041,8,7,170,28.18,8
Yes,Moderate,12.090389,88.906281,Citizen Report,101.96,10.04,10.67,23.81,71.95,27.44,0,0.92,7,6,101,4.01,8
Yes,Low,19.766452,71.226309,NGO Report,342.12,4.82,89.19,15.43,35.03,13.06,0,0.309,1,1,25,44.65,2
Yes,Low,36.051505,92.060477,NGO Report,328.26,7.7,53.99,32.29,68.7,35.52,0,0.478,9,6,116,48.95,9
Yes,Low,15.711985,92.615821,Satellite,244.53,14.56,41.77,23.55,45.08,80.41,1,0.064,10,15,182,24.75,10
Yes,Extreme,36.675518,80.644891,Citizen Report,340.16,3.2,49.95,15.63,42.42,39.48,1,0.874,11,7,4,32.02,4
No,Extreme,25.123077,88.961149,IMD,268.69,10.99,123.76,25.5,83.07,70.29,1,0.976,12,2,170,5.56,10
Yes,Moderate,29.154796,72.134205,NGO Report,159.57,5.23,18.91,29.28,71.84,40.45,0,0.342,6,13,78,48.73,5
Yes,Low,11.569669,85.413753,IMD,383.99,11.31,11.13,28.29,69.02,51.41,0,0.647,8,3,15,15.79,4
Yes,Low,13.283843,90.95378,Satellite,61.88,7.67,72.57,23.06,47.14,81.68,0,0.572,3,8,198,49.9,7
No,Moderate,26.694188,94.013584,NGO Report,412.63,6.7,87.25,32.03,73.15,25.79,1,0.402,8,8,55,31.45,9
Yes,Severe,32.938122,93.018722,Satellite,274.02,6.23,35.15,30.89,57.53,53.15,0,0.713,14,10,60,42.54,8
Yes,Low,32.577606,72.734731,IMD,330.11,13.75,119.89,42.77,36.76,64.34,0,0.013,1,9,68,21.35,9
Yes,Low,16.93014,85.938858,NGO Report,39.77,13.03,103.33,31.97,84.06,69.32,0,0.984,2,6,178,44.76,7
No,Moderate,17.744893,93.405999,Citizen Report,25.62,9.83,35.8,29.19,30.33,90.63,0,0.219,4,5,6,46.75,7
No,Low,10.240328,77.20906,Local Authority,77.08,10.35,68.73,15.4,60.32,23.86,1,0.404,8,8,148,5.44,10
Yes,Low,13.026315,95.26013,IMD,380.26,7.94,110.22,25.33,94.31,19.42,1,0.879,0,15,53,6.3,7
Yes,Severe,16.316824,93.771413,IMD,14.48,0.77,4.62,11.31,23.1,34.68,0,0.265,9,13,95,49.16,5
No,Moderate,34.205267,84.392786,Satellite,291.54,1.55,66.42,12.1,65.21,16.15,1,0.321,6,1,53,13.37,5
No,High,34.391424,81.470655,IMD,57.58,4.39,132.91,38.39,74.73,19.76,0,0.122,5,7,102,30.24,10
Yes,High,9.129625,89.106114,IMD,489.94,0.27,29.87,35.06,78.31,86.59,1,0.769,13,10,26,27.72,6
Yes,Severe,34.803214,79.890922,IMD,33.4,11.09,57.32,31.7,23.77,98.5,0,0.51,7,15,136,17.02,10
Yes,Extreme,21.759202,88.333786,Citizen Report,294.2,14.07,115.42,23.62,68.32,42.87,0,0.701,1,8,106,34.5,7
Yes,Extreme,29.985088,75.284886,Local Authority,37.73,8.78,127.15,43.6,69.5,74.07,1,0.752,15,8,135,46.93,8
No,Moderate,35.346103,84.685333,IMD,155.76,9.5,48.39,35.8,46.91,24.19,0,0.333,3,2,194,7.9,10
No,Extreme,33.649176,70.890119,IMD,6.55,9.72,104.3,25.73,88.82,36.22,1,0.345,20,7,17,10.01,1
Yes,Extreme,24.451475,75.883093,IMD,43.68,6.05,66.59,30.25,26.22,98.92,1,0.8,11,4,181,28.03,4
No,Severe,34.020233,81.415113,NGO Report,124.73,2.89,17.52,35.59,86.98,58.03,1,0.294,18,5,119,9.63,5
Yes,Severe,25.025446,95.073189,Satellite,89.57,0.7,7.59,32.3,48.34,29.78,0,0.812,11,4,116,39.61,4
Yes,Low,10.517672,96.315043,IMD,57.1,12.99,136.87,28.27,90.3,25.48,1,0.932,10,9,97,45.3,8
No,Low,35.591343,87.149178,Citizen Report,120.77,1.46,44.96,32.87,26.34,51.29,1,0.652,6,6,104,15.12,10
Yes,Severe,35.412871,69.00005,NGO Report,159.77,10.92,73.92,16.22,25.88,23.61,0,0.37,3,15,64,31.97,3
No,Extreme,19.35405,72.155626,NGO Report,115.58,3.78,29.76,37.2,24.65,44.47,1,0.113,19,7,160,7.01,2
No,Low,15.434654,91.118466,IMD,67.96,5.58,14.02,17,31.44,55.25,0,0.545,20,2,67,24.07,4
Yes,Low,8.642587,90.492662,NGO Report,245.5,7.26,138.23,11.11,33.46,20.53,1,0.638,5,12,55,31.45,6
No,Moderate,12.649844,91.224069,Satellite,148.09,4.09,132.78,30.09,89.22,76.36,0,0.236,18,2,18,42.86,8
No,Low,28.089484,79.256609,Satellite,139.72,14.79,134.64,19.92,64.77,26.61,1,0.501,2,4,90,25.34,4
No,Extreme,28.386325,92.412101,NGO Report,239.18,7.21,51.74,43.83,86.83,69.74,0,0.941,1,13,132,5.88,3
Yes,Moderate,34.717198,93.825303,Citizen Report,388.35,7.39,99.18,11.52,76.53,52.85,0,0.485,3,13,149,19.54,9
No,Extreme,15.761014,94.133946,Local Authority,49.62,6.21,143.58,41.57,63.3,52.72,1,0.994,20,0,119,29.85,2
Yes,High,10.259805,85.991282,Local Authority,447.34,6.33,65.49,11.88,77.08,72.32,0,0.468,5,0,119,28.42,4
No,Moderate,21.919762,81.277053,Citizen Report,374.02,6.4,19.89,17.8,21.81,69.76,0,0.778,2,14,67,38.87,9
Yes,High,35.46689,76.356944,NGO Report,259.06,0.59,37.53,17.17,88.49,49.23,1,0.228,15,6,152,22.24,9
No,Severe,19.383629,78.873251,Local Authority,163.69,10.65,85.65,27.06,97.35,81.55,0,0.928,11,10,79,13.5,0
Yes,Severe,34.387266,70.024476,Local Authority,375.84,4.69,84.84,26.78,35.51,33.12,1,0.186,13,4,81,18.11,7
No,High,20.484401,84.233426,IMD,74.59,0.59,57.5,30.58,31.88,14.93,0,0.983,13,13,173,33,3
No,Severe,22.461914,80.208129,Satellite,175.76,7.21,144.98,21.97,49.61,18.22,0,0.277,20,9,127,41.02,5
Yes,Moderate,17.44912,75.36767,IMD,250.91,14.71,65.84,29.25,57.48,15.05,0,0.308,1,7,37,20.54,1
Yes,Low,11.783812,86.548317,NGO Report,355.37,6.55,10.66,15.19,48.1,56.06,0,0.625,5,3,69,47.33,6
Yes,Moderate,8.565094,74.704817,NGO Report,47.89,14.21,128.77,36.49,55.72,72.88,0,0.433,3,12,37,48.19,2
No,Low,17.717424,96.03243,Local Authority,244.03,8.93,127.98,39.98,26.23,90.65,0,0.24,8,4,193,43.15,6
Yes,Severe,8.415821,81.581533,Local Authority,240.32,5.14,140.13,10.32,43.86,94.43,0,0.778,4,3,24,10.65,9
Yes,Moderate,23.740088,84.000159,Satellite,496.27,4.27,140.91,31,87.31,45.26,0,0.444,18,13,199,27.88,2
No,Severe,10.674167,77.667176,NGO Report,407.33,11.33,124.72,36.66,42.03,53.9,0,0.903,11,15,44,14.87,3
Yes,Moderate,26.232736,92.001372,NGO Report,70.47,11.22,2.61,28.34,53.09,84.07,1,0.139,11,4,184,8.18,7
Yes,Low,11.681753,90.98361,NGO Report,306.91,8.53,146.87,16.87,73.64,68.54,0,0.051,19,9,152,31.72,6
Yes,Moderate,20.714779,85.886918,Citizen Report,339.38,14.98,11.18,11.61,38.23,69,1,0.877,14,2,58,40.05,0
Yes,Moderate,9.699615,73.631307,Local Authority,203.99,14.95,105.02,12.32,23.5,28.76,1,0.365,17,7,21,41.75,6
Yes,Low,9.140585,76.524904,Citizen Report,117.73,10.75,99.61,17.52,62.35,98.59,1,0.96,11,9,142,35.53,0
Yes,Severe,27.06333,70.191181,Local Authority,330.02,3.42,149.72,25.1,82.11,33.96,0,0.78,5,5,49,22.23,10
Yes,Moderate,12.464725,83.316339,Satellite,481.5,6.42,70.9,35.14,21.36,18.68,0,0.075,4,5,46,20.43,4
Yes,High,19.252858,78.099366,Satellite,180.38,5.1,92.8,29.49,21.2,66.23,0,0.841,8,13,32,43.92,2
Yes,High,13.685925,83.36655,Local Authority,192.25,9.17,142.6,43.5,94.33,20.98,0,0.383,3,0,101,45.25,2
Yes,High,26.384017,68.997695,IMD,99.37,8.48,147.1,18.78,27.46,77.4,0,0.978,3,15,164,9.35,5
No,Moderate,35.315438,86.277137,IMD,245.2,4.37,141.26,21.79,22.13,22.08,1,0.981,18,8,91,36.57,2
Yes,High,8.809786,86.555529,Satellite,428.32,12.89,142.39,39.67,52.37,52.91,1,0.875,14,11,156,45.54,6
No,Severe,17.750593,96.263074,Citizen Report,75.65,6.02,9.7,41.36,37.45,35.91,0,0.744,11,10,56,36.43,3
No,High,18.145678,72.893319,IMD,122.74,5.84,111.04,11.75,22.52,93.59,0,0.782,19,10,71,48.87,7
Yes,Extreme,34.358525,83.737109,Citizen Report,253.88,0.16,47.82,35.58,79.86,30.51,0,0.478,13,3,32,19.51,1
No,Low,34.807386,95.53414,Satellite,480.93,3.83,74.2,38.86,50.91,61.12,0,0.041,8,5,128,21.55,6
Yes,Moderate,32.303147,81.162563,Satellite,473.75,8.87,21.63,34.21,40.95,36.19,0,0.563,9,3,62,18.04,3
Yes,Extreme,19.989105,94.749082,Local Authority,68.01,8.3,112.19,44.6,46.1,42.62,1,0.143,14,14,160,41.13,2
No,Low,12.473949,75.270601,IMD,192.09,1.54,136.18,11.89,75.36,52.83,0,0.588,20,14,124,42.45,7
No,Low,36.316529,69.352189,IMD,261.09,8.17,63.7,15.24,44.64,25.31,0,0.045,13,8,38,47.82,9
Yes,High,11.104474,86.713632,Local Authority,369.62,9.42,55.51,44.75,24.32,35.77,1,0.313,18,15,189,21.32,8
No,Extreme,20.161529,83.644936,NGO Report,148.06,13.37,44.9,20.74,49.06,54.66,0,0.725,19,10,105,48.34,10
Yes,Extreme,30.757427,82.949379,Satellite,196.35,0.38,142.23,24.77,43.22,88.14,1,0.799,3,4,94,32.53,4
Yes,Severe,26.542704,68.985355,Citizen Report,439.1,6.38,47.48,38,65.17,12.57,0,0.487,12,2,109,15.29,4
Yes,Moderate,18.132093,93.523168,NGO Report,68.49,0.88,86.01,39.73,34.6,32.99,0,0.519,17,1,181,24.08,10
Yes,Low,16.413844,79.825962,NGO Report,100.43,5.25,94.83,31.2,52.04,83.71,1,0.762,19,3,166,16.41,6
No,Severe,33.564032,83.572956,Citizen Report,382.72,0.74,3.11,17.51,90.13,27.2,1,0.169,10,10,90,25.23,7
No,Moderate,15.083001,90.234611,Local Authority,443.23,9.05,142.77,26.89,68.09,14.37,1,0.33,5,2,113,10.19,7
Yes,Extreme,9.141494,79.627917,Citizen Report,328.15,9.01,13.64,42.71,73.53,16.45,0,0.98,19,8,129,26.79,7
Yes,High,27.054922,70.458358,IMD,484.93,3.77,22.69,36.1,50.72,64.57,1,0.501,1,5,116,20.77,4
No,High,16.274594,78.636598,Local Authority,458.69,2.04,84.68,35.82,81.6,15.59,0,0.58,2,15,199,15.94,3
Yes,Low,17.107011,73.065999,Local Authority,94,5.79,137.42,16.19,73.93,50.37,0,0.341,10,3,21,38.02,6
Yes,Severe,25.953096,74.240471,IMD,135.15,1.65,4.17,12.35,25.99,78.52,0,0.803,5,0,21,32.23,5
Yes,Severe,25.378938,74.341927,Citizen Report,256.01,9.81,31.54,10.82,95,17.34,1,0.24,2,14,35,23.25,4
Yes,Moderate,20.925493,84.22007,Satellite,108.07,14.4,10.29,14.33,72.41,99.34,0,0.544,6,8,38,10.25,6
Yes,Moderate,15.667288,85.734719,IMD,299.08,11.68,26.68,16.77,23.81,53.56,0,0.453,17,7,72,40.15,5
Yes,High,9.923275,70.40286,Citizen Report,250.1,2.22,31.52,14.35,46.56,68.46,0,0.609,18,5,173,4.24,2
Yes,High,23.00675,72.94247,Satellite,96.16,8.9,61.35,40.87,52.31,56.82,0,0.756,11,0,167,31.41,2
Yes,Severe,34.524489,90.981827,Local Authority,425.52,9.13,104.09,16.05,51.16,53.27,0,0.942,8,7,51,34.12,0
No,Severe,27.674287,74.092543,IMD,262.91,7.23,8.52,28.2,94.89,27.31,0,0.248,2,9,7,29.41,7
Yes,Severe,36.066309,72.145793,Satellite,234.68,11.86,121.06,44.97,94.06,62.43,0,0.66,5,7,170,36.95,10
No,Low,13.616606,87.567171,Local Authority,26.74,7.06,60.54,37.57,30.66,29.31,0,0.839,15,10,173,21.47,0
No,Moderate,35.902993,72.237735,NGO Report,156.89,9.57,60.11,20.9,39.02,53.91,0,0.032,13,2,70,45.82,8
Yes,High,29.791884,88.67825,Citizen Report,26.79,10.5,124.07,31.65,80.78,35.26,0,0.669,10,7,183,0.86,6
Yes,Severe,16.128634,87.296061,Satellite,255.11,9.33,36.04,12.51,86.79,43.86,0,0.03,18,4,57,9.55,4
Yes,Extreme,22.782981,75.534645,IMD,443.23,7.26,128.09,10.08,46.34,78.33,1,0.013,9,10,178,20.29,8
Yes,High,17.140012,95.691086,Satellite,475.39,4.03,48.89,25.7,57.38,19.94,1,0.161,14,5,11,4.85,5
No,Extreme,28.457884,93.834474,Local Authority,70.31,14.47,33.36,10.68,21.83,91.9,0,0.616,20,11,28,41.78,8
No,Extreme,36.548765,80.507106,Local Authority,415.06,1.39,3,19.37,41.33,93.45,0,0.482,11,1,19,48.66,7
Yes,Moderate,8.252827,76.53837,Local Authority,427.27,6.41,14.2,44.94,31.26,36.23,1,0.557,4,6,177,44.84,9
No,High,16.066354,84.702977,Satellite,115.3,4.88,102.19,23.1,73.77,43.07,0,0.096,3,13,126,47.04,7
Yes,Moderate,36.568285,95.50075,Citizen Report,253.44,6.21,24.16,22.06,65.43,84.08,0,0.672,12,14,107,23.01,1
No,High,36.122111,85.205003,IMD,292.45,4.17,71.29,18.1,88.75,46.65,0,0.74,5,13,17,38.54,8
No,High,27.286935,96.977227,Citizen Report,456.13,4.1,92.26,19.95,90.17,79.88,0,0.29,20,9,17,6.46,3
No,Extreme,35.496469,86.707638,IMD,107.84,11.18,66.06,16.64,22.1,82.71,1,0.963,13,13,7,34.21,8
No,Moderate,20.581827,90.815174,Local Authority,309.71,5.65,6.09,43.34,77.71,15.99,0,0.843,20,0,57,42.52,8
No,High,27.265231,74.238238,NGO Report,237.87,0.85,60.52,40.85,59.92,93.45,1,0.079,0,8,15,34.09,2
No,Extreme,22.669678,70.180604,Local Authority,422.77,12.4,50.84,39.67,57.11,34.9,0,0.669,18,10,130,18.4,7
Yes,High,13.041608,80.457801,NGO Report,293.91,7.84,18.11,11.44,98.29,25.63,1,0.624,17,5,156,22.81,3
Yes,Moderate,11.97846,71.993027,IMD,36.28,0.36,102.22,34.26,94.73,58.83,1,0.2,8,2,127,29.75,6
No,Low,19.743791,76.455436,IMD,480.29,12.27,39.2,28.8,49.93,62.81,1,0.689,14,9,89,33.31,8
No,Moderate,8.861788,79.801592,IMD,176.13,7.69,95.25,14.42,68.06,28.49,0,0.139,6,15,82,31.56,7
No,High,19.554166,84.395237,Satellite,260.89,5.21,148.96,30.13,84.95,13.93,1,0.237,7,12,173,32.51,0
Yes,Moderate,23.285804,74.998658,IMD,223.85,4.99,122.81,44.15,98.15,80.05,1,0.03,20,15,62,33.68,3
No,Moderate,11.592794,86.87639,Local Authority,234.28,4.21,83.36,19.98,31.61,29.33,0,0.927,3,0,34,33.69,10
No,Extreme,30.566495,95.487759,Citizen Report,52.55,9.25,125.2,35.61,65.67,59.06,0,0.341,7,11,149,45.07,0
No,Extreme,35.681229,95.859784,NGO Report,223.78,8.15,9.07,24.35,94,24.84,1,0.047,14,10,85,2.88,9
Yes,High,22.389839,87.863938,Citizen Report,196.22,4.2,70.05,29.55,69.4,71.79,0,0.446,15,15,28,31.25,7
No,High,14.43144,86.1266,NGO Report,85.5,10.9,2.34,43.43,57.36,70.08,0,0.656,18,12,52,10.34,10
Yes,High,9.869118,93.89911,NGO Report,332.52,3.42,78.58,16.02,64.33,81.56,0,0.506,0,11,160,25.67,5
Yes,High,25.762196,70.900314,Local Authority,141.08,13.22,93.59,25.95,23.31,60.95,1,0.474,2,3,48,25.12,10
Yes,Low,13.495682,96.014489,NGO Report,288.37,7.83,144.49,33.4,20.51,27.78,0,0.94,9,0,148,40.31,3
No,Low,9.085982,81.584417,Local Authority,54.88,6.93,117.39,14.28,80.75,68.41,1,0.265,13,8,87,19.24,6
Yes,High,36.417744,86.283491,NGO Report,91.63,14.52,75.6,20.91,77.93,18.04,1,0.239,20,12,25,26.44,6
No,Severe,28.746364,95.25917,NGO Report,245.5,14.45,20.38,13.16,29.56,66.75,0,0.739,15,10,193,16.73,6
Yes,Extreme,23.376504,68.96729,Satellite,263.24,12.19,57.45,31.63,86.93,94.51,0,0.451,8,15,192,10.18,10
No,Moderate,28.764458,88.763381,Local Authority,11.05,13.26,34.43,16.99,94.1,98.34,1,0.585,8,13,118,40.31,5
Yes,Moderate,32.30848,68.074297,Citizen Report,217.48,3.14,91.42,39.84,45.46,99.68,0,0.282,11,13,148,24.08,1
No,Extreme,28.758737,68.59611,IMD,196.49,14.62,63.37,27.85,91.89,33.73,0,0.839,8,4,76,45.28,9
Yes,Moderate,35.151889,70.781432,Citizen Report,222.77,3.48,70.33,21.43,73.76,49.3,1,0.049,0,12,74,49.24,0
No,High,29.109945,74.776273,Citizen Report,102.94,13.34,23.18,31.21,73.05,14.74,1,0.652,13,6,107,10.39,7
No,Low,31.50896,89.144914,Citizen Report,204.37,9.16,96.14,41.64,71.82,47.26,1,0.185,10,12,21,29.14,5
Yes,Moderate,34.16649,71.455794,Satellite,254.92,8.47,42.32,34.64,39.97,80.85,0,0.851,0,2,196,40.12,8
No,Severe,36.316525,71.327001,NGO Report,414.87,3.37,77.19,17.01,54.17,13.5,1,0.013,3,9,98,0.74,6
Yes,Extreme,27.172018,83.436147,Satellite,319.89,8.75,77.24,44.19,52.73,33.94,1,0.302,7,1,38,30.82,6
Yes,High,27.423938,91.890708,Local Authority,361.8,1.18,143.32,37.52,79.13,12.92,0,0.677,18,14,20,24.94,9
No,Extreme,34.222338,95.257419,Local Authority,338.58,0.41,71.72,21.05,97.48,43.06,1,0.476,10,9,17,29.01,3
Yes,Moderate,17.491317,96.406291,Citizen Report,427.63,4.65,80.29,30.67,37.43,81.42,0,0.971,10,4,198,12.36,9
Yes,Severe,20.023297,86.93723,NGO Report,59.1,0.82,33.79,43.77,31.93,48.13,1,0.193,11,9,27,18.1,3
Yes,Low,21.009094,89.731814,Local Authority,182.56,9.63,13.93,36.29,50.84,11.78,1,0.339,3,9,136,40.78,5
No,Severe,13.736757,71.637925,Local Authority,10.96,10.28,121.89,39.68,39.59,79.43,0,0.319,15,9,78,41.33,0
No,Severe,19.059362,70.202222,NGO Report,229.03,12.44,148.39,34.43,62.57,59.1,1,0.757,20,7,103,12.3,8
Yes,Extreme,20.833451,96.868999,Citizen Report,137.85,6.72,5.37,12.74,45.68,13.22,0,0.024,13,3,78,32.02,10
No,Severe,15.214387,75.780192,Satellite,232.96,14.31,11.63,19.53,44.77,57.79,0,0.052,17,15,96,13.66,6
Yes,Extreme,19.621596,75.079206,Citizen Report,206.5,13.24,142.37,11.19,94.63,71.87,1,0.64,12,10,195,5.38,6
No,High,28.185291,82.610821,Satellite,207.25,1.16,37.97,19.82,54.72,45.7,1,0.312,11,1,29,32.57,0
Yes,Extreme,31.97049,79.532993,Citizen Report,218.82,8.61,110.23,22.4,95.83,21.71,1,0.76,12,13,36,21.39,6
No,Moderate,17.237591,72.875359,IMD,499.61,5.72,60.68,32.58,24.39,79.47,1,0.629,6,9,74,10.46,2
Yes,Severe,17.763376,77.21721,NGO Report,363.76,13.14,105.12,24.21,88.25,11.06,1,0.538,6,13,169,19.22,5
No,Severe,17.017393,76.448375,NGO Report,105.5,1.93,77.58,43.22,99.58,57.55,0,0.403,10,10,197,5.88,7
No,Extreme,27.493757,68.751813,IMD,442.7,10.97,10.84,31.41,88.96,87.92,0,0.777,1,6,25,15.59,3
No,High,29.563296,85.136798,IMD,410.72,6.88,35.89,32.4,20.4,63.3,1,0.742,12,15,59,7.37,4
Yes,Severe,23.154426,94.945751,Local Authority,334.92,1.45,99.75,16.74,46.39,54.65,1,0.052,7,8,142,27.15,5
No,High,20.85154,71.714218,Local Authority,133.62,0.9,124.95,21.72,20.43,51.44,0,0.445,3,10,92,30.66,10
No,Extreme,30.075392,86.074855,NGO Report,145.4,14.84,12.95,39.79,76.07,54.84,1,0.996,4,6,197,47.85,2
Yes,High,19.303183,94.428073,Local Authority,329.74,0.62,51.85,34.99,21.44,29.96,1,0.094,16,11,69,9.18,9
No,Severe,17.755094,82.48167,IMD,375.38,3.18,72.58,43.03,44.34,45.58,0,0.742,11,13,98,48.85,5
Yes,High,13.803221,90.979528,Local Authority,427.88,4.98,45.24,21.5,49.4,66.46,1,0.917,3,4,47,36.05,6
Yes,Moderate,18.698611,82.364903,NGO Report,229.43,8.76,139.38,13.11,54.57,50.45,0,0.878,19,8,139,27.07,10
Yes,High,9.906622,94.681555,NGO Report,390.15,0.45,74.62,19.22,86.1,51.06,0,0.708,12,15,32,39.01,1
No,Extreme,14.852695,83.375932,Local Authority,485.82,9.02,54.85,37.21,83.03,99.51,1,0.733,6,7,178,4.92,5
Yes,High,22.396611,95.205911,Satellite,228.15,12.38,55.73,33.06,36.5,48.08,0,0.126,5,12,104,19.5,3
Yes,Severe,29.030348,92.562947,IMD,49.38,0.79,5.23,36.79,39.15,10.37,1,0.202,9,7,61,34.76,0
Yes,High,31.868255,77.215673,NGO Report,150.61,4.12,75.64,14.43,23.49,18.71,1,0.438,8,12,173,40.66,8
No,Moderate,36.851423,76.002781,IMD,152.83,7.68,68.11,28.77,47.83,13.64,0,0.026,9,3,98,36.55,10
Yes,High,8.999088,78.916568,IMD,246.11,5.95,34.2,14.38,31.18,71.63,0,0.11,5,15,33,44.37,7
Yes,High,17.201098,82.521571,Citizen Report,148.03,9.5,113.79,38.8,88.07,76.57,1,0.071,14,10,27,14.42,3
No,Severe,11.579868,90.404512,Citizen Report,0.52,0.95,111.54,10.24,55.66,18.45,0,0.064,18,10,11,36.29,5
Yes,Severe,17.119964,87.615651,IMD,227.07,5.39,95.47,19.8,90.9,22.37,1,0.533,8,15,183,7.38,6
No,Severe,34.720511,93.453078,Citizen Report,477.3,9.42,9.15,29.26,51.86,80.29,1,0.573,1,15,174,24.12,0
Yes,Severe,33.358569,77.823391,NGO Report,258.66,10.43,64.13,25.38,72.42,87.42,1,0.177,18,15,156,42.02,2
Yes,Severe,28.856596,90.819409,Satellite,308.42,2.33,14.92,36.45,33.96,99.35,0,0.724,12,2,29,13.62,9
No,High,13.350348,72.188951,Satellite,99.42,0.1,69.86,26.17,92.43,45.29,0,0.971,5,4,87,22.39,2
No,Moderate,11.163766,82.458937,Citizen Report,273.19,8.4,127.94,33.22,25.01,93.38,1,0.971,9,8,149,9.52,9
No,High,29.026251,68.325743,NGO Report,64.1,13.19,80.94,41.33,63.02,38.44,1,0.706,7,5,111,41.82,6
No,Extreme,19.526552,91.508007,Citizen Report,169.01,3.55,98.52,31.78,45.1,14.54,1,0.26,5,1,172,2.07,4
Yes,Severe,33.731172,89.364429,Local Authority,91.95,13.7,108.18,28.82,36.3,51.56,1,0.247,1,15,48,28.85,10
No,Low,18.116712,91.348809,Local Authority,378.77,7.11,92.88,20.7,44.42,24.37,0,0.263,17,10,90,8.81,3
Yes,Extreme,28.794336,83.598905,IMD,432.88,10.37,95.49,33.88,25.35,52.88,1,0.071,6,7,31,36.73,7
No,Extreme,26.812012,95.221581,Satellite,322.22,12.46,56.29,24.9,52.07,73.22,0,0.868,16,15,85,7.45,5
Yes,Severe,20.900241,77.770638,NGO Report,2.25,14.99,19.93,16.68,45.52,88.92,0,0.621,1,0,107,4.26,5
No,Moderate,16.211274,94.326573,Satellite,121.96,10.3,32.01,39.33,39.92,71.21,0,0.387,18,11,82,37.27,8
Yes,Moderate,19.041385,89.573652,Local Authority,361.72,5.16,124.94,14.58,30.71,10.92,1,0.905,2,14,150,6.14,0
Yes,High,28.641462,80.81253,IMD,229.07,7.63,92.39,31.29,61.51,48.65,1,0.115,12,7,30,10.02,1
No,Moderate,22.131625,94.796197,Citizen Report,352.34,2.6,48.45,42.59,93.13,62.73,1,0.285,18,4,80,2.48,9
No,Low,29.943673,85.927341,IMD,19.94,8.13,115.14,29.08,46.81,40.75,1,0.233,11,4,100,46.53,2
No,Low,21.309349,72.353711,Citizen Report,471.54,6.09,97.11,12.4,81.51,20.6,0,0.74,17,2,162,26.98,9
No,High,16.821898,82.709416,Local Authority,319.17,9.66,5.42,33.12,93.63,69.14,1,0.823,3,5,22,22.45,7
Yes,Moderate,20.837986,68.656305,NGO Report,256.89,11.09,120.11,11.3,20.18,37.74,0,0.085,17,11,92,41.94,5
Yes,Moderate,11.883395,92.404551,NGO Report,262.24,4.42,81.51,30,25.62,61.1,1,0.245,0,0,66,48.25,2
Yes,Low,9.557459,73.511334,Citizen Report,52.87,13.89,109.31,42.24,28.45,49.96,0,0.367,1,6,98,18.36,2
Yes,Severe,28.295504,87.812316,Satellite,280.06,6.84,91.95,44.31,59.74,84.37,1,0.568,1,5,144,24.17,1
Yes,High,11.187034,96.902945,NGO Report,336.46,2.74,131.89,11.44,79.77,59.05,1,0.126,3,14,79,43.36,7
